id,email,name,is_parent
wjd0HlPvwUomgS2gbvq1yG1ItjL0dzfIQx3NZDXV,Hope.Mueller@yahoo.com,Miss Jasper Fisher,0
s7hMYXvt5vqTvyjb9FyRNwtmQyKhSFp9PxQfejlP,Julie.Connelly72@yahoo.com,Lilly Hudson II,1
dXuVZAOUlsHALIdur7EBmSeyfHaExZZjRDQlXPFZ,Anjali99@yahoo.com,Delores Stanton,0
ryPdgk9kJ6GyczAY4hrmb4mMnGtLJ8am2DL3TB7h,Rubye24@gmail.com,Ms. Enid Cole,1
gfUcXaUemzaFrhs0wW45f4oZJd2QY8xbvwd2FGhD,Allene_Reilly@hotmail.com,Monty Rodriguez PhD,0
Dkbhq1q8qCr3S6ckqdO0ypeOoFmLpQlXX6eJH1cH,Wyatt_Block8@gmail.com,Mr. Alysha Hayes,1
MgG0SW3TNvL2v92sz100cze4O0WJZADCZ3osCsNo,Alana_Wiza20@yahoo.com,Brennon West,0
MqFAR3LLPcpYTP2UsCqcNP6BnzMPJF426IoILdAO,Karley_Hintz32@yahoo.com,Anita Kub DDS,1
4FfPbbf6KuKcvXaMxYxL7Waj0V4VHtbdfzLEDkZq,Terrence.Jast@gmail.com,Dillon Jast,0
jTaNiuZfT3npGhjHMIMVPNZbliAc4TfBFe28WVO9,Alessandro_Rogahn@hotmail.com,Treva Keeling,0
GouqJAmoU8VnZFWjas6b5XdzrE11giywdG9EMCqS,Isobel_OReilly38@hotmail.com,Kaley Bayer,0
Qs7qoNLzdvHuLhDlqnWmLwJ0DtBasXMr71wQn9Id,Coy_Kovacek79@hotmail.com,Hester Huels DDS,1
qTGvIMd7pM6rSahIiUEJF7GYhATESRueizwObFjW,Danielle.Simonis18@gmail.com,Jillian Krajcik,1
dZLY39hg45a1f4ikPDKdVj1bG1eFeksrDcmeI1pY,Elna.Gleason@hotmail.com,Fermin Stracke,1
3t7BxVHSIj8WSRwtyXfmCPAfwGYsUuwh6N86Z5SJ,Rhianna74@yahoo.com,Amari Schumm,1
fCqsEPYkYKAaTsPocounL8ZRVZhxwTHXVZS0vh2A,Brooks_OConner51@yahoo.com,Alessandro Bradtke,1
9SAOpLfUoaRGBiPTlg0quw9w6G1cwhiVjkfFzzlz,Adolph.Walter75@yahoo.com,May Shanahan,1
OT73Rn5pDLzZLHbkYFmxtHsVYigvTBOanW1lqAIf,Nannie_Champlin31@yahoo.com,Alysson Bernhard,1
gZTelR0cykGqGOHxDXi3gDoaT5DEDbl8oHxQnIkY,Camryn.Cremin@hotmail.com,Annetta Mills,1
HzXpzaWrxxWXC4TkevzcxFy8Jnf7yHkRMu3yoZnN,Jameson58@yahoo.com,Ignatius Daugherty,1
DpvHepG53FFFAIvAhSR4PwNs7TUdAaGadYcRkgOC,Derek_Satterfield@gmail.com,Timmothy Hegmann,1
gByfQ3wQbqaDEok8SxvZbq6rOhZfpv6LdwDe1cQM,Raymundo.Luettgen@gmail.com,Cleta Sporer,1
3P5EnrBXTdnJ6oUwOcs81eQJMXuJMjbgwkQ0Bn6o,Rosa_Rosenbaum@yahoo.com,Bradly Farrell,1
Mstvaozf7rvBzYJJDNVMBJvlBAhbsjZVNydGyqfd,Zane_Lindgren@yahoo.com,Katheryn Bartell,1
uiqlsUosjKEwRZckkwLfTEgxdL02oV2EqdXX6q7L,Brandyn1@hotmail.com,Eleanora Little,0
8WYD4L5M88ZpB8bg4kRVloMDsz0QOzWI1heGVPrZ,Leslie49@gmail.com,Kaley Bogan,0
4gJ7Fq29zKk8yjAzSpPV94rQdoTa00UXbVo7h29R,Carli48@hotmail.com,Janick Little Sr.,0
e0KD3YUnvHYwBG2js5aIJLqRw68t3KVNqWK4qwxD,Nettie.Cummings@gmail.com,Jarrell Maggio,0
apXvmvhNVRXRVViCHoEwanq7Z1xh3T2EwVFpd1CP,Theron.Purdy@gmail.com,Lonnie Legros,0
XCxZFSQvqO4E7PSEgnyhP1kzNv91qPncGpTggsoe,Laurel.Pacocha98@hotmail.com,Keven Daniel,1
Nek8itAf1MvgJik8MeA6pgNeYF4h0S8DHBmuUjUD,Josefa.Conn98@hotmail.com,Agnes Altenwerth,1
bjKghqpmHSTPmZWFEgmYnqbY1ntsS8BeQ1p70plj,Vergie43@hotmail.com,Romaine Rippin,1
SCEVWjgKQ09FfZ52PDn2P45OA4zYA3e4Iq7uEbIG,Gunnar97@yahoo.com,Ms. Winnifred Daugherty,1
7WMB1WWGYGB2QtYh6cuM7ZY6Wi7bVDa8DR6bpDND,Arvid79@yahoo.com,Mackenzie Jaskolski,0
N7BkMvWuXjQNfsT9TzIUAjGlSNGWDYRSAVPC6W5o,Adaline.Bashirian@gmail.com,Ottis Hirthe,0
DEjwKuXMa52kfONXBJLmjPllBwjXpFMMQSOPEL7u,Reid99@gmail.com,Dave Kiehn,0
HrujeG9pmVv6il3dByGpIbZQujxdR12ED013VKI8,Marvin72@gmail.com,Mrs. Nedra Macejkovic,0
or1J1l4UszyBZFIEgolCzKNXbmvf3EveaEZV6qEQ,Melyna.Hahn@yahoo.com,Amy Durgan,1
cfK7OD70gnWM3tfytcEuaUQd7wvd7CTqpLqHUUyR,Moses79@gmail.com,Marta Yost,0
Tygyb7xRjkNVwNGlovriE1Hzyhq8YKpN4TiggYJ7,Jakob.Becker38@gmail.com,Miss Judge Mueller,0
iLKW6NL3RseDIeAEtkgFXxNYx3z8OaUZgcVJfDXN,Erin_Cruickshank@yahoo.com,Alexys Rolfson,0
DWWxEnye4foReKHk1NlN3zHeomjDlvsqDUSP6VNn,Dejon89@hotmail.com,Lavada Feeney,0
AVTi3rTRScq7cNsXLh5O4eT2VJl10YVtwdQ552NS,Alexa_Stamm26@yahoo.com,Nasir Pollich,1
U5t41edY5WXSKeFQEPIEFlxTg6QsHIQbGoFKB4wQ,Elyse_Bernhard@gmail.com,Camryn Waelchi,1
thOQaOUsk58YoeNgJsYOE4dpCSOoUL3fqJEJkvZj,Ozella86@hotmail.com,Alejandrin Kessler,1
hkl9PY65BXqlvJuDJGpjoZ4WHnBJ9y0J2TbMCjNy,Mason5@hotmail.com,Lue Wolf,1
cypVwhXLQ2K7KLsGuztKwKxJU0GY6Pg4MXhmxCE8,Therese_Lockman@yahoo.com,Cleora Cummerata,1
EO0kgfgejl6kcy0OpjxrysrJ4sxP91DYrUNCpMVt,Hattie.McGlynn17@hotmail.com,Elmira Stroman,1
xEDBq7OrUOSv0kYR6C1jN26fFOuhHC5NPTpAamOU,Martine_Gottlieb22@hotmail.com,Miss Waldo Torphy,1
WXYG9bWwpfgriM7E0ragSBu5hsdrI4V10XNKODCJ,Abbigail_Gerlach@hotmail.com,Zita McGlynn DDS,0
VtZofN8NQUNEozGSGlaTru5MG4tvKyrtu69yGrMR,Clyde.Mann@yahoo.com,Ike Dietrich,1
t894pzOJZSye7IkSqvhc6e5ZV4jEGLGBedUqj6pg,Brannon35@gmail.com,Donny Goldner,1
n74gba0sCqYPIfXhC0etgWO3dB4gxP7j6HmPqzru,Lambert25@hotmail.com,Rashad Jacobson,0
VrT34LGvl8Nq1c3F2ru0f0HoIuh2BAqvqiGB2tnz,Burley_Prosacco42@gmail.com,Amie Robel,0
C1Xkf8Ocet7CAUhMajh0uW1DNGOK4KeZBf3C07HN,Ida_Aufderhar@gmail.com,Chelsey Lind,1
YqKcF4qJs4d5dNClhTnlAAZuwIW5ncd4w8xZlTMq,Vincenza.Frami@yahoo.com,Leslie Goodwin,1
R15YxG3CLHZQ2EIur3TJY9DJoF59SJ5SGTXgBw8c,Dedric63@hotmail.com,Ms. Xavier Smitham,1
rWTkpvkKNxXmCDNhge7gvpapGRv0nFtbKoBnhb88,Anya86@hotmail.com,Dewitt Ratke,0
t4KiY4YAcGb9MkAkVCNBprXaGdHYJ2m9KZHl8wKb,Caden_Doyle34@gmail.com,Marjolaine Steuber,0
z45EFbdPdugwrddNN0cF1DCdxujceoKPy8G1i0U6,Alisha.Schamberger@gmail.com,Amiya Blick,0
ksZTOUgiHKkPDcTXSu22VajtRVJx3SogroVSOHmJ,Kevin_Emmerich21@gmail.com,Roscoe Shanahan DDS,1
haTBm7Dt4cON6OK4aDVGPFuHM6f1kUyH3xL3JEjZ,Candido_Eichmann@gmail.com,Jayme Swift IV,0
37VBJ9JWkVWPTugMzwgt9uIk92YNIfqh9mKBsuqf,Cecilia75@gmail.com,Suzanne Schuster,0
zcqVkxjqZVE21QwlFkQL7ZDERdNAIO1DsWF7DlY2,Emelie82@yahoo.com,Soledad Rutherford,1
euSn92OifGsrIjHviVDVGagRz6gM1atk6Q9yu4lY,Stevie34@gmail.com,Rodrigo Feeney,0
YS3s6WoETdjX2HRrFiNEu12ZB4wXdI2wnhVmmnco,Oswaldo_Lueilwitz21@yahoo.com,Shirley Schamberger,0
F8ebu38d3Rf8qkPtJuXVjmPHoR9fzUxqT5F7If9c,Alexis61@hotmail.com,Delilah McCullough,1
wz3vDCtg9iuo9Xzzt98p595qK5ZCMeg5mhYPHV6c,Tom.Ullrich@gmail.com,Axel Hettinger,0
suD6i3VlLXiEXC9W6X2dBOxYXqesAT6qJ8P1ZRMG,Edythe_Kassulke@hotmail.com,Modesta Kautzer III,0
gTriyu4hNjL7WFPithRfeW4FUn6jawumCZjW1wf9,Darien.Cartwright42@yahoo.com,Ms. General Ondricka,1
Em0FZjVP4XyngxaHn5QdIbkxTjPNDpKjayOzG4xI,Arvilla.Nicolas48@gmail.com,Hardy Rice,1
Qk1LNlpRyZCoapEC52gbSxUaKSAdDKxAR5d6Zp0J,Zola14@gmail.com,Mr. Vincenza Erdman,1
b4m5tJWkWyB3vRf8LwrjwQ10YxV915d9YrxEZFdQ,Kaylin_Ernser93@gmail.com,Joseph Wiegand,0
Idb4OgIJ2lh3yPhAAJl5bwBKIhEX9g0EwcAM1Lw5,Maeve_Douglas21@gmail.com,Mr. Hester Kuphal,0
lz3qIJuHWmDJJt2RccajBwGn2M13wyvQjwOzxQHE,Kallie80@yahoo.com,Craig Stamm,1
1aiBix71XaK1WtM0ehX3BwniDSXVSo14aNggGB1V,Ara_Jones68@gmail.com,Janiya Homenick,1
rxKpk7sShObfpoO61eCRWt0atLNREs6vIWnWwKvv,Maybell_Dietrich89@gmail.com,Dr. Marlin Jacobi,0
NeTdomxSfwsTDY6BeDrYm9Etkoo6FRa7V1KAte2V,Jaylon.Fritsch@gmail.com,Christelle Waters,0
agTuJFZX8kNiCkNvTxblBG7jUukgkcgIrAXZhEvX,Shaniya3@gmail.com,Conrad Macejkovic,0
JAu0crhlYsEhkpJQDibJKCE2KvdqkvvPsWeDDxbn,Elmer.Wehner@yahoo.com,Theodore Reilly,1
yoqwc4BQa5YRVPQZwD1h7nv925j2IcAiAeleTdV1,Devante.Erdman9@hotmail.com,Jodie Kihn,0
NydtgUk2ZphDEGOFfPVQf0ydgf9zPFJvyLFk8WnZ,Janet_Terry13@gmail.com,Jeanie Monahan Jr.,1
T3rdLEOErQZ0w8dRhHqYiwmMCUtixdkE7btYAkvg,Hester9@hotmail.com,Fritz Gulgowski,1
jfJwO7Rzg9mu5wRWQOjSxfbVoFol9imcbZXg71cH,Guiseppe.Schaefer20@yahoo.com,Bertram Oberbrunner,1
8RqGTCY0TJvrhHYNpFRhDiAkpv7EUMRmVlH3UcQO,Lila82@gmail.com,Dr. Caesar Pfeffer,1
Ay8BYUPPlt4NmETpKsSPTxFnstlUrmmirq2pVKz0,Mervin95@yahoo.com,Dorcas Hane,1
RYHFLyZPwjSI5vgTxAbedd3db9cM9E22eQpFRbJu,Cassie37@gmail.com,Quentin Gusikowski,0
I8s5URcMDfj4aAYIxJTwBTWSkNA9i4EDFneXFku8,Ruthe_Okuneva15@yahoo.com,Zackary Mitchell,0
6eeAM5U9QbfYMVGMXvJKRPYh4w4pCXyj4Io9RRsR,Arvid_Armstrong@yahoo.com,Judah Lindgren,1
CO8JfA7QLMHcaR1dodFvIxpQlK7yfwTXS3t9lT8D,Kayley9@hotmail.com,Madilyn Hagenes,1
L8epeHJt2fYR75kRm597ssWSqNCoxfUd1rAriTab,Edmund.Bruen@gmail.com,Nedra Powlowski,0
NOzIphNDEGIVjSbmhjD8H7J0Ef3l128uE49JECnK,Rebekah98@gmail.com,Eleazar Gulgowski,1
O6miOZPjXAMm27gYT4ecpdUijNyUxzc0x7R4OQ1B,Lenore_Emmerich@yahoo.com,Bonnie Lockman,0
RUdcS8OgE5R6eVpamJYNEqvX35bnY7d9mtdBKj8c,Wayne_Barrows78@gmail.com,Madeline Jacobs,0
fPRfsn3joKZb2pGAplWGf0erEWnNCW0gLcA3a3lN,Evangeline_Swaniawski87@hotmail.com,Kasandra Marvin Jr.,1
K69JE1wcniTDBsLG3PLMPlUcXjmIEYozDLC6RTqB,Dovie78@hotmail.com,Toby Kilback,1
YoajKC4S6x3mcf4ssBEdqSNqaNTTHqSQobrsoTvX,Cassandra_Koss14@hotmail.com,Sofia Beer Jr.,0
MSit6O404j5q96YSJ9WwOOK92igmGv60D7uQMoGw,Derick24@gmail.com,Sheldon Gerlach,0
rfnlIZ3vifubSWncyTUWXt604LcVmbG9YqYATVo0,Aliza.Metz86@gmail.com,Larissa Boehm,1
6UD7JaDyGQZ2t86GiOHnG6mOAPUUG9REj9pyhdSr,Nick91@hotmail.com,Mariah Runolfsdottir,1
hF4YosO4di4spmp4mPxa438GWCSMGMOyGRHczsTZ,Jamaal20@gmail.com,Arjun Pacocha,0
INNU5AOC0A16oCghQhlV2KSNqCRpCsGyQVMGq8b1,Marina21@yahoo.com,Kailee Streich,1
fjQGd8fYU7DAEb0if29hYCvZkBzxepGQjk85qB3k,Friedrich93@gmail.com,Hipolito Russel,1
SqGVI8dp0S3zhl2tlLJKnCtkAZjFE6can2vAX3Fd,Henri.Farrell@hotmail.com,Helmer Schmidt,1
0YXRwNYqujWH3aDjyPTJVq8L7ZTWQdymoX3l6plO,Lindsey11@gmail.com,Coby Olson,0
Ol5iu93P5rN32doQv0W49rajzp8GdFPwLd7YYmJA,Genoveva_Boehm@hotmail.com,Ardella Donnelly,0
NsSZuTmANRwds6PGo30uQYiXNDlEiFNIH0Fd00jZ,Emerald.Schumm@hotmail.com,Dianna Lind,0
iYVsCLGR0vqIR09gXG5eypMUQ956nr9pYqjDhU6K,Joel.Leannon77@gmail.com,Misty Batz,0
Qd9ZepIC0224iWwfaD48ljqRp6JzSIWyBpkfNBxd,Roslyn_Wisoky36@hotmail.com,Leonardo Rogahn,1
5BoPED21TIuEwMqM3xsNHTeoPsp0ygewSC6kg8rE,Reece_Erdman86@hotmail.com,Ms. Gust Turner,0
jJ9LGXWcb5b0Fep4hlma2tqlQCkXmJ8f5fBMEP6c,Willis41@hotmail.com,Micheal Schuppe,0
Dzv0ugvGmNkanqu4V3Pu5036pH26PwAgtPxQtQsz,Esther26@gmail.com,Kasandra Kohler,1
ZU2Z9liF9HXEXyIE0Xcaao3unTbwH8MAwuLFTDM8,Einar_Bartoletti@yahoo.com,Connie Boyer,0
QcF2QMhfIkkNU72FiZZRaPZp4jk9OdPf9inLMzNe,Marietta_Mayer@gmail.com,Macy Turner,0
x0suGMtUFVYf1zWYLWgi4t9a2yHOEoYfK3xTGUHO,Melyna23@hotmail.com,Melvin Hoppe,1
idnZl8wLPwUolsghFfGefZHc9XlDPYhRgMGzXcOa,Tanner72@yahoo.com,Theresia Kling,1
jGkRC8rQrQfsf9PSKND5rKAeOjv23dNsoa336q3E,Newton_Daniel22@hotmail.com,Jan Bechtelar PhD,0
eoS9CsycuuLxt3F6m1ixMldJ0UxHIJI8Cjae6EJM,Muriel_Simonis36@gmail.com,Ava Spencer Jr.,0
jmsEWZXYQDuC4ajCINpaU9NAxAcRmP9BATmo2W1z,Jamal.Bednar55@hotmail.com,Joanne Klocko,1
0kEgiviv6CBw7gv0QmKH4X4gVJSUmQGLsFw3beIo,Roberto_Padberg@gmail.com,Cloyd Gleichner,1
r6XvV6XUsMGqmv0yTSV5SBpD9TLuEi0MvO70HOzQ,Delores_Ryan@hotmail.com,Jamir Corkery,0
ci3I5pPdto8gybWNKblXmR2iRbtKEXh2gGP0Tcpw,Dorothy76@yahoo.com,Polly Roob,1
i50ev3loKlfRIOs0RnfefsbXibvLpUCYKFnvbtX2,Else_Hilpert43@gmail.com,Mrs. Clara Monahan,0
iUD00zMVpqbG9d7M382yfz5jB0ItbxUqFkNZ6YpJ,Veda_Klein66@hotmail.com,Mozell Gleichner,1
GeXSwvQ8ECjn22bo4bMAij916dLU6S6KpgNuRYTT,Karine.Will@gmail.com,Freida Mayer,0
NU1Ls9Geo0ydtA3Ub2lWNEe1OBwcEPmy8rA1cGDV,Arnaldo.Walsh4@hotmail.com,Mrs. Fredrick Keebler,1
wKKe3zU1Wda63ChXycHUiY8O7UEvzz6QQK1ZK36R,Theodora.Torp@yahoo.com,Saige Deckow,0
qQNZYgr8B24MUxIU4L7pcxnuu3xYPEGE0DoKofgg,Etha_Treutel@gmail.com,Adell Quigley,1
t5ehLjGTsDEQHi2fAfqqADQpmNvHWu835EaVt57M,Katelyn.Kshlerin82@yahoo.com,Abby McClure,1
U3Hzpm0DDmZd0CGRujiBGG9WFFbTRmZQsCDsSBVU,Diego56@yahoo.com,Noe Brown,0
kRDnM0SPTVU8YYC7ckulEl9FVfnrhWLwOKNIdriE,Emmalee17@hotmail.com,Bernita Braun,0
fRuNPH5FAz9HI04rrlNOoZtXeu6DCQvbyPYmhUGi,Sylvia.Ernser48@hotmail.com,Priscilla Murphy,0
mGd1QMU1y2LkCdEaETmKBzOJLR373sgA6gwIUjOh,Nathanial.Pacocha5@yahoo.com,Jermey Schaden,1
ssve5CHPxsTng769bSduXEz0oFnHRudlXb8vlfj7,Patrick42@yahoo.com,Jose Russel,1
wYQ64ljZ6WbRK5Qgr75Se2HxgMVs6uSl2jzEL6z8,Norris_Padberg21@hotmail.com,Mertie Friesen,0
145XYiCcKokKqo6fnuVOe3NS1mNYRMLKEezFeVpH,Makayla_Sipes15@yahoo.com,Talia Lind,1
aYoQ3LUguk0F1GiKyG0w9ELoZ9l3QndKOqIfSdtI,Harrison_Anderson28@yahoo.com,Clark Pouros,0
sXD9ELauWc4rCEqyIHiHrThg4oXjep7VqEkxFtz1,Nash_Ernser@yahoo.com,Verna Russel,0
mSsKBqjN8I3092VnnHpLmkClBDmKHLT0RSkG5NE8,Flo_King83@yahoo.com,Esmeralda Predovic,1
3Pr2GRBDaiu9mDJj8D8gVvkWIteJgz5BnP5jxlcF,Sallie.Marquardt46@yahoo.com,Augusta Torp V,0
eyH5Z4Iq7o64dy68lJnue54WcYF9HUJ2hbrnyJpw,Marta.Miller98@yahoo.com,Brooks Lesch,0
4ArUdUZDYL2b6fRixuVJij6E0q99GgJ4K3w3qCht,Katheryn_Legros51@yahoo.com,Edyth Schowalter,0
Z2nu3H8EuuuZ3rtbXzY3iqYasfktCtvYj0quXHE0,Robyn_Mohr@gmail.com,Fabian Paucek I,1
hA9oed8ocIYEU8wTugSRWTzLOndvpBJJhWFw6NwO,Karianne.Gleichner58@hotmail.com,Darrell MacGyver,0
5hZm3Vgejr8sAZw4460ZxYtYosrJcxgmLJQ5vZuJ,Marisol.Bernier39@gmail.com,Mabelle Legros DDS,0
04ZZI141CaskgRh9swinCi26yhGA2WzspJWVk9us,Jodie_Runte99@yahoo.com,Tamia Goodwin,1
0S6KDAzgSwAPXXtwdKMAn8kxi0deFlYbiaKYQJDS,Bryana_Botsford55@hotmail.com,Roger Bernier PhD,0
ECc6tcVFNEmshn1J07AxmeTcv7xXLdVmBODK2WmQ,Terrence0@hotmail.com,Fernando Blick,0
ZFPlBbwFfk3o7f1nRHbZtJvxNeF8z8HKuwK47vhn,Jerrod_Thompson@yahoo.com,Mrs. Patsy Mayer,1
Y1KG58gthIKyTTdwOIb1uhOsuEVla11divs3r25f,Joany_Maggio@yahoo.com,Quinton Ernser,1
KN25i1bjzzsK2cGPROneZpfQXXgGDnD7nTsmc8C0,Savannah.Hudson87@hotmail.com,Robert Schoen,0
PVvzNj8HgCmO8dkoSzwGTUIh9Uay26234WS1me79,Wendell_McClure@hotmail.com,Jensen Homenick,0
WeKXMbYEhwq5GIiyp4kxmme1411GgzsUeeNA4gdR,Emiliano_Collins83@yahoo.com,Lorenza Runolfsson,1
EzbQSLYctjDbPeClku8tkpJ8ifYMpfHqIteZGyFp,Zoe14@yahoo.com,Lucious Walter,0
5PCGrP3svvzxT4zRtbbSuqtfAL7J5i0Paq4JJzSm,Rashad.Satterfield@yahoo.com,Alexandrine Hayes,1
jvsBvSyMglSmwqkkJohdUEs0kGsRvlvB5SpUPvlr,Felicity44@yahoo.com,Monte Feeney,0
scJsQr57PbnWq5LNls94ZF7IOZ9suQhshs3pM5sM,Nicolas89@hotmail.com,Carson Murphy II,1
R4Ge99ADwz4Vd24FSjAiiXTFUCSw3xcpHIIV3JhQ,Brook_Schowalter@yahoo.com,Fausto Larkin,1
kwyIidqGn2M2mzMWoXZhkHu7jehLG5XEXsk8gi8I,Kameron97@yahoo.com,Rodrick Dach,1
mg7Cgzs7gJfHpXJEoNfRyEOjLYwqTSaK2Xcpv7JE,Amelie_Thiel@yahoo.com,Corene Kub,0
Afds2llGKepYWgNf26QiG9uX6QEr6Wu4YrKYoIP2,Gerson6@hotmail.com,Rebeca Conroy III,1
bJl3xagziIK7epFgasqhkzrhOr196qo9GNMy2OH1,Keanu_Jones30@yahoo.com,Willis Cummings,0
A20zhSZVFuw3k7wRHOp6gJGa86YQxgmf71NkuGDp,Maximillia.Erdman79@hotmail.com,Delbert Gulgowski,1
NqtqPkmkiTNpY3xwFwrraV8nutlLezSKFgSPsKSO,Tremaine.McDermott44@hotmail.com,Buster Krajcik,1
NkLYYjvSLPNXHAzpH2yKIJeXOYuuscQk0PleHr2B,Keyon.Dach76@yahoo.com,Valentine Windler MD,1
5KOHkxM7eF0OKqufISdrI5k8eXFcjdiS1seIK6C8,August40@gmail.com,Bradley Pfannerstill,0
33JNQg9anijzu0JacRmh5hBEoEMhvENFgpKg6TAC,Litzy97@hotmail.com,Sabrina Fahey,1
nNgdtfiVf3UjXlWo5eSdJyiapwObnGvWwPRyQeX5,Lloyd.Torphy20@gmail.com,Garrison Heidenreich,0
XcOSzreRB8vb6P9XKHAF3slTlcHnDOnHpwSWlgVK,Adeline.Moen@yahoo.com,Reyes Wehner,1
l0WoFlugfzpuDKVcOcU1VxpYc35JfCcsvVs5NeyQ,Arnaldo.Gerhold43@yahoo.com,Hannah Altenwerth IV,0
W3hsyOqFUZN4k7M3m2tmWfKxTOovo8ltn2duqZqW,Zackary_Price10@yahoo.com,Milan Morissette,1
H8nCAw3MyqRvyToArC3hI5vU7bqER8x1cynbzByn,Rosanna_Lehner30@yahoo.com,Gabriel Donnelly,0
ZpxypcL1WgcVYGcr2zGSvBRAXo04acEV83WSr1OQ,Karlie31@yahoo.com,Trudie Gutmann,0
oAZ6i8PBOXFrOOfEhGZv4iwFd5rZcaQgaaFndtgm,Gage56@yahoo.com,Vivian Jakubowski,1
8b9hAPbt6gRbAyZHVUC1Y1pgdwHotiGP4RznG57L,Dario.Swaniawski94@gmail.com,Simone Blanda,0
Lza1aGDS3GEq2pE5QuZ3JNhdmN4bQ6oWfSY2wT0f,Rhoda0@yahoo.com,Haylee Rath,1
6yeSnPYY1XXzaZ0RbcLNlDPISMXfgxGC9ClPSeqV,Rory_Little@hotmail.com,Mallie Quigley,0
ZNzqaeoeQM9NSvDRl5G0FlGI6Bilk1vVX4Ou40np,Ryann11@gmail.com,Bridgette Hoppe,1
4WSsZVZIt1Bbdoj27foQBIixsZcGV7meWCQ3idh2,Chelsea54@gmail.com,Reese Abernathy,0
PKLqsBnyX1yrwPoWmDG1A69PbkPj3LrUucNXbKOo,Angelita.Brakus57@yahoo.com,Brook Nitzsche,1
ThzHWeXWG53SPbbEQL78TPlQpPTNvPmMgKzHmo1z,Antonina.Sporer@yahoo.com,Shanie Weissnat,1
8mYGQyKYFsdhKfbPgTtp6GwU2XkMlNtF8HSzo4L0,Glen_Kihn79@gmail.com,Margaretta Waters,0
6jBG0M4ojCsORANjwqyJoZTPGwPpOuZSbxn3Kt5u,Buster22@hotmail.com,Harry Fritsch,1
s1ZfpLpuHYn7o7utxBl94LwjslmqLPTRsY5UDArP,Felicia73@yahoo.com,Rodrick Blick,1
kGVVWkKPm4iZEMPOidRJEwJgKxq3zTnA3BdWND36,Tina_Schowalter@yahoo.com,Dr. Rolando Hills,0
DhLSle0kPeoYR8UhknoCwsQcWZQAAtwDFEaWqIav,Birdie12@gmail.com,Trace Weimann,0
7MwwSBTkeJmSxoWLfiHZDHWFTBgqPbyBr7QNzFCi,Jana_Marks62@hotmail.com,Zita Spinka,0
4Xg3YSWUVNthI4ejP7m8EV46I0PYoA40rLtYr8H1,Nicolette81@gmail.com,Mazie Bode,0
wPsNJNKtTShtbCJV5vQAeLIik5jyx2C3U1GAXzxh,Ada33@gmail.com,Miss Jamison Legros,0
54ZyEmVen38gZzKWWEZ2baU7HyclwzNHxqarXv9J,Gianni_Ziemann@hotmail.com,Barbara Kemmer,1
Vm3yrqJKQWAdPIsvv7m7Z2WFg0qJoJqgfEvYclZz,Ellen55@hotmail.com,Darrion Smith,1
HPSSvpKbIoBf67QiPitn4ieoIa4uKwnhbeU8ew7M,Vanessa_Cronin50@hotmail.com,Josephine Johnson,1
GAWIraCZxpZV1sO53sUUIigEOq0XkgC32hEmal8J,Gustave52@gmail.com,Miss Katelynn Hilll,0
0mp7vYBiF4nlo26RQOKfzSnNfMObMkkYspTUe3nC,Khalid.Beier88@yahoo.com,Mara Lind,1
PErFDOu4ffcdvN56VAlLfZay8IiMqhI2DMHh01Jc,Elsa56@gmail.com,Leonel Durgan MD,1
P5V7ICjmRatTqrIGxbQFqHYK5tKcKRDN7fLEEOVE,Theodora_Williamson55@gmail.com,Ronny Gerlach DVM,1
zjC6o3bVQ6M5g1m4GRjnsg0riEPrajgnSqLIg4ig,Dorthy.Senger50@gmail.com,Orin Hintz,0
K5FOuPqr41KGhfwTp5k7q6IDx7lmZnO5LO30WSVi,Jewell_Kovacek77@gmail.com,Tyree Bayer III,0
JGBib3G89lOmgHNPMUHpkFR6LXa9xtJm7mJNOSRg,Carmella60@gmail.com,Valerie Bosco,1
xH6X2rw9bgqDnmAFkGW8FxZAenGhL0F1GS27jGbD,Maybell.Bednar@yahoo.com,Darrick Fritsch,0
mAXSrd8r0fLahnRpgXVuoJGoOwuJzqP439doyuJ2,Wilton_Murazik80@hotmail.com,Rhett Bernier,0
HUORpeoKLVRA763klLvXZ0yBLvt5hJ5TKdrHYj0Y,Marcus.Cummings@hotmail.com,Janelle Moen,0
vrLOrQQ3CE7cSAmuhNPApx4Xs5Cucp00xPolHukz,America34@gmail.com,Gail Bruen,0
0wDO07VrFsKM1CCPoU9Q3Y8RpSh1s3gX0E67pJIT,Itzel.Littel20@hotmail.com,Joelle Ebert,1
e1iR8uaRkvkzCarG01yUxxvJEeV8PF9dy26Sf79S,Ally.Collins75@hotmail.com,Shirley Romaguera,1
Sv52R2prOxRmZXjNeLNrpd4RL8c9Jatts85wylYm,Lucius11@gmail.com,Hobart Treutel,0
0fQUMzs3QJNulI8CiBXoX28xzXFZWabQbnjNAKJW,Lela_Rau@yahoo.com,Miss Carole Murphy,0
ZC23C4W601EK9PXEltCv0wgfeBxeDIF2TpU2VHVP,Gordon.Feest@hotmail.com,Herbert Kris,0
Bah6GD30lLc9MRNkBVIPJTePAWfkIyMK4bQIf0Kg,Carolina.Nienow68@hotmail.com,Camilla Nienow,0
Q9UI84IkfwFxBZ9tT9MFCd9WB8F9Shiiw1Rtq8tk,Mackenzie.Hodkiewicz@hotmail.com,Earlene Stehr,0
OEEYJlnrZ0IKv7lJtDkvR4dUHpU2IrH21P7zbfxT,Christa.Hoppe@hotmail.com,Jeremy McClure,1
d31gDUtjBbV8L5giwbriObWcGFD6OJhwLNo9fBDI,Cordie18@gmail.com,Avis Rodriguez,1
w5KtfVjyLl0liCltXpgx2PlZmikhKlOnusq4JxPH,Karl26@gmail.com,Urban Donnelly,0
eeNKrBioQkBFNZOQ3TRfhgdCEOmSxGvgMtintV2o,Myrl66@hotmail.com,Athena Streich,1
F4f76QXIUdAbpA6C0NBZQ6MkdZzIEzN0JnZeYHHk,Jason_Mitchell@gmail.com,Jamal Kovacek,0
WWph2fTaQzIpE7w3cOamRDE5UkVqBZ8RVLnXTZFa,Remington_Toy3@yahoo.com,Isabel Doyle,0
olB60nioAcmvoAJMaCUg63WTfkbjosVSdxsZehJF,Nichole.Nikolaus@hotmail.com,Camron Ziemann,1
bI0DjoK21Ti50iha4hH7IbMwojsysVjpaP0mxH81,Michelle6@gmail.com,Desmond Sanford,0
eafFQqcexLwp3i8Gkcmsey0gC7XCzM339EJtGnas,Jacky_Kemmer@yahoo.com,Christian Hirthe,1
GzCiYluNDoEysLbCGFuUrbjjTlPWFt9CFMuVUYns,Dewayne_Kemmer87@gmail.com,Zachery Roob,0
Azz703PwabXxz5BxYfjZwotfe2yiqT7CbuDMZwsQ,Alphonso_Auer@gmail.com,Major Bauch II,1
TfZoTNFSpVHl8NzjweuTgXaHHtR6q4WqK5JXHn1R,Jayde.Kirlin69@hotmail.com,Miss Tyrel Herzog,1
knW4qqq1xPOT2xXr69RMYzZflvfXLDmqh8BlWk3v,Foster.Hills2@gmail.com,Sydney Ferry,1
iRyQ4o2yFQwFewEZcjQr8vuoBxbGVTpspTbUkPer,Jeffrey_Jacobson@hotmail.com,Nona Krajcik,1
nQv0aleN9xJ1KdyhWEakIAJz4bFiiCn1MrBIaEBH,Jayce.Becker@hotmail.com,Seamus Haley,1
cN0Mf9TgO1X2X6uGv4MF3uILfCAtEstA67w5akiy,Presley_Emmerich@gmail.com,Tyrel Ondricka,0
11jG98uebpWm2Zu55xUr2yfILlAKp0eMFYmmyUCR,Ambrose.Littel10@gmail.com,Kasandra Conroy,1
PGyKTxH4EvfmGmpxoShvFjkx9b4cPs7f6mA0BJyE,Demetrius_Treutel@yahoo.com,Holly Batz,1
F5S1PvZNluU2h4j8KNwpu984onORIvASrl5sQEPM,Rylan85@yahoo.com,Emie Hyatt,0
WdWCLfAcO97sNNc4BENA4w8Py1Nq3wn55VROBavj,Marcelle.Nikolaus13@hotmail.com,Mr. Cassandre Goldner,0
LECWnGiYQ7K96GJf6Vb6hefyD2khfRFng2E7jhB4,Stella.Reynolds87@yahoo.com,Lucie Bayer,0
cesH5YjGiQUPeydPIikWNoltE4Z8fNsbkL39FuAC,Anne80@hotmail.com,Toney Dibbert,1
J7mOx4QbKDU5eEw2kEJJ87nT7iPQXEDBuw7pLjLU,Darron95@hotmail.com,Mrs. Maia Hettinger,0
gINlvfJtVVGT7tdEfz95h1QOUNV00dhobxkS4M95,Estell_Jakubowski@gmail.com,Ms. Frankie O'Hara,0
dCGDVfLhGGfViJhOMsU2A7NNnN4ws0APesEgBr4X,Keanu.Reynolds@yahoo.com,Mr. Mossie Kessler,0
Y8cGdNDGMQRr7TUcfT0y3KOCCrWFlsS3cFWSWPBu,Felton1@hotmail.com,Mr. Asha Konopelski,0
nZgM5va44JC8MldCH9p5UYnNSlHggFsvSUBCtTZO,Emely_Kohler36@yahoo.com,Seth Monahan,0
dthh7rCWqCzSodO5MuYrWQD8JXu36PBTfxQFhBMN,Reilly_Schmeler31@yahoo.com,Ethyl Huel,0
5kb3CphHosWEnP1690lzrEz3QH1QGQPQ9jQSC8re,Armani_Jaskolski@gmail.com,Russell Purdy,0
d01VbnpzsiNhYrpNIuwOEvfVtA5GjhI8xYat3WV3,Nolan43@hotmail.com,Charlotte Jerde,0
wTqWF38iuyAjSCJEFFy0t6x6eAcvXr7INfUCvf5C,Angelica.Leffler49@gmail.com,Jade King,0
0HyMLQXJP2OMgrlJtCKJzHKCSlMy0XSSsdTS19it,Barrett_Fadel@yahoo.com,Alyson Treutel,0
YR7JmMfGjlfeN2M3CKc4aClXRMS5C6YypLJy4jgC,Clair_Grady@yahoo.com,Juanita Rohan Jr.,1
AwvhAzuEvzw3bfQstNxyqje4UoV3sF0ne6WNUqpQ,Stan37@hotmail.com,Sabrina Gottlieb,1
dlmLhfcMGRQbTkpCrMaE3BW9yD9rwK80aMPCmf2j,Cade46@yahoo.com,Hal Larson,1
0kHedbbSLPDDUhzDRbhSipHIlQZmKj5J6m2yJFEQ,Junius35@hotmail.com,Dr. Onie Gaylord,0
XlFUdP4nNmw2ufoqpvKBObJ9lvEVuA5jCUSqWaNO,Willard.Purdy@gmail.com,Miss Stefan Reilly,0
7NLnCUBBzNoEwSDqU4mJN6Eh5ZIP7smg8uv1k6h1,Earlene18@gmail.com,Mrs. Jaleel Bartoletti,1
SskFKYXvgsxqfb3Trc47dLYjeoV30wuQA76YO5uM,Jaida63@yahoo.com,Margarete Ortiz,1
RhonbcsTHS4HF9QchgOhREAz1tRQcvLb5ZWQhdoF,Noe_Kozey@hotmail.com,Terrill Hintz,0
sgVbL5xMS0TAicwAwnsFMzgl5a819dREKVvz3Uqs,Torrance.Wyman11@hotmail.com,Sandy Kshlerin,0
L7oMU5iLNMHFKdP3nq5MAtRtjQ5KCgAD94lTg8f8,Delia_Wyman@hotmail.com,Oleta Ebert,1
T2mqjj5mVcvVK7BySNU67mnuphZgH9JqFXOBkXbX,Dane_Klein@yahoo.com,Kayleigh Gutkowski,0
DRh4IJaOHkRDBUrEkrezwlpUmjsPwelffjSq74At,Nash.Stanton@gmail.com,Cortney Kassulke MD,0
BlfFqniDqACclp4Rgw2ms2dsaJY9HrJGdXJY1oOh,Clarissa.Volkman9@yahoo.com,Bertrand Nienow,1
xs3TxiYKNdz89IwJUWQdZ768goVXNhnWYrX5tqE3,Stephanie.Lockman@gmail.com,Laurine Nicolas,1
bCNczLZOFY7wCHVUHjaoLfZTVVAAN1jAi59iW67F,Andre39@hotmail.com,Bridget Harris,0
3krcdsyey3GZfGZUzbzbbP7gAWtVUyKqK9lJ4Spq,Esteban1@yahoo.com,Adrienne Jerde,0
QoDIKKnHOhuNHNXRPtBhZCHx7bDaLesTjN2zFrpH,Maurine.Turner@hotmail.com,Mr. Libbie Howell,1
G5B6ikwqdM5X1KkTtyapYnsrAyYMxijO3U2sshuU,Cecil2@yahoo.com,Kody Borer,0
zsBkqdUL94fUTvoHDJAezoxIZmtYGRN2hut7eLnd,Libby_Runolfsdottir@hotmail.com,Dr. Keven Bins,1
1nUANgMOWTCQ6quQgTOEXxaqdv0NuFLkfnyE5zXJ,Hannah_Bernier@gmail.com,Roselyn Casper Jr.,1
usv2CUnHynIPIA4oR4yzQWkdNvkvLau8whyWQcZ9,Quinten_Kilback81@gmail.com,Chase McLaughlin,1
jFsVpd20biuIDK0f84ZjSKYan28TaGENY6hImucr,Sheridan_Schaefer18@hotmail.com,Mr. Hilda Gaylord,0
1gZp7yNyTuliBEbChwTn6Pa80wFtRVnlXAj6ZIb6,Kurtis_Osinski19@hotmail.com,Royal Nienow,1
qh0DDDkXNxWfmFHi3qGQpeoXFfWgWKCl2QaEqUMq,Jennyfer93@gmail.com,Anibal Heidenreich MD,1
JiPJfx228QYZRvVWc31w53SUDeh1c482WuVZOcGB,Clemmie.Kassulke@hotmail.com,Rahul Bosco,1
SFr4UdcymZ4jn7fuxqXtNxsRL6o34O77Sgs1665b,Nestor.Dach46@hotmail.com,Audreanne Keebler,1
h3Y4w367cwsiIQFBozcQKyCuJxVE4LU1MevLrl34,Hillard_Breitenberg76@gmail.com,Angel Bahringer,0
BYIKw6MOkdn6Uc9PBmmkecPlJXdygDQ0JBWhO5UJ,Faustino20@gmail.com,Chelsie Kilback,1
9XT2O5QVx9rRTZvws0kbLwypC56kFbUHzorqRhOb,Jaydon_Price@gmail.com,Camden Bailey,1
HAGVlcAP1UKKgpjMa5QlPV4vWr222EoBzQJsQAgw,Shaun_Morissette@yahoo.com,Janet Hirthe,0
JCVcGu1tf7J1o3q597Vy0r4yzaQV7FbLkKObyALY,Sydney63@gmail.com,Fay Jaskolski,1
GwS8Kyf7MjQQamE3JY79SCqddTv6pIA0xJY4h0DY,Novella.Smith@gmail.com,Alfonso Huels,0
dyxygk7BnuF6lkK82OWUZtfUvHA0XDjsGB45zwJZ,Harmony.Ullrich@hotmail.com,Miss Sigurd Lehner,1
ricuNvln8oW6Ataqz1Rkw76BKoNhIA4Iz7Pmt7iA,Rosamond_Beahan@gmail.com,Ronny Ryan DVM,1
jQxbNe6z0fleeWbM0fplQJwa6kwohyMZqNMM3FyV,Susana_Bayer54@hotmail.com,Antonina Rosenbaum,1
nF9yjVItlzPBlWFj9NSfuXVENsS5caWvo7FiVX0N,Adrien.Corkery@gmail.com,Coleman Marks,0
ZsyPYvrtFNvQN3MyxKeD2eFJQ0VM298nk0SfSI9u,Dawn.Hickle@hotmail.com,Austyn Gislason,0
LlEUVWCYQlFrb1cqpPbn5JKcpViLt1c2dT8jbcBf,Hardy43@hotmail.com,Alfreda Walsh,0
eJtyU6fr7OqdeM1KWnKRfujXuo8kL197oqUGLaVk,Mallie_Farrell28@hotmail.com,Dalton King,1
gAik7ysLY2rkCzOFzNMFAgRnH3a5CnpYJbse8bMG,Westley_Cruickshank@hotmail.com,Anna Kautzer,1
iIQcgqAjDxxD9EkEE7114RuHseDhP0w4azN0FVXO,Virginia_Hermann@hotmail.com,Chanelle Wolf,1
xB3XDHewt1bZNWxCEIqzv4H9r2GF4JRqUkPKxpjO,Elton.Leuschke@hotmail.com,Lucy Conroy,1
p0dDrIORaX90ciC5V8xNriHr2G4RGaksHBoygV4L,Joy.Johnson@yahoo.com,Mckayla Murazik,0
MJFIshmuJxpv2eRxA8Z6Y6RTd4buHkEMkxLG17l8,Trevor.Mills@gmail.com,Meagan Breitenberg,1
fqRC20IrXwYx8VeHGQxC6lgO2I8QOB4ZkVN9Bprq,Henry.Cummings97@hotmail.com,Gabrielle McCullough DVM,1
D2Rn122sJ3Y2I1zhBCZDQu9qEIY8RXARRmlz2p8y,Jalon_Hackett@yahoo.com,Dejon Hegmann,1
oUIJHnzI2PedKZAbGdrI0pHWrybVvPzgpJmpRecO,Devonte42@hotmail.com,Ettie Carter,1
1RdzkY4H8KfxYu9edy3YAJb0SbSSjm3U3cyGlocH,Graciela_Koch15@gmail.com,Ike Kassulke,0
zQdlIsF9pHheJMxkDcEJX3ahf65ltwsjWiRrIUyF,Mya0@hotmail.com,Kelsi White,0
pjNsrZxsdZQKROtT3kv72frGaCft2kTNC6fslvpx,Frances98@hotmail.com,Jackeline Runte Sr.,1
HYespcdvHPShs5FqRuHYb4IH5jcM4BICwRpwnnyw,Vince.Jast18@gmail.com,Haley Wolf,0
MRgjdsx8uAhGCR45KakUSXHRF8S2GlPjpm5OfN4v,Modesta3@gmail.com,Foster Rohan,1
3i9rgzleGtGaUhoZ1YGtEm8AK7XH5VaRY2S0S1lr,Mina_Prohaska@yahoo.com,Reggie DuBuque,1
4kUlVagK52VV0P0hRNP2lH4zMz5iboOzOJKiQxav,Hester.Eichmann@gmail.com,Abdullah Schinner,1
I4sPRNS2WpRQufTtUvj4scSK24OUHeYCvwR7mDFw,Blaise_Witting79@yahoo.com,Ed Langosh,0
5LlnXZgTLq6PEe6aDlymCAMLMZcCemPAE46r0yLC,Kyra.Stiedemann@yahoo.com,Nyah Huel,0
BtlCPowiEjV4yOskjLdMeWz8Nthi1ZvpXrWZDmnT,Elisabeth.Kuhn62@yahoo.com,Pink Lesch,1
N57lMdVm8zK8c89OnlYtIrJPGtogIGLGGNbymzJT,Kiarra_Goldner@hotmail.com,Jevon Dickinson,1
sqBDLrzIpahz74BpKGJ9qfX02hs94fybEwSAE735,Liliana14@gmail.com,Mollie Schmitt,0
RAj6STtPZdCwWnoHCJYTb3FhAAaxbtyU0jXYmNaV,Eleanora_Zulauf2@yahoo.com,Desmond Klein,0
jCkhQ0ayzlzpwFNf3vgQ1N1z5M0cdGxFhvLq7j3z,Brigitte29@hotmail.com,Gunner Jenkins DVM,1
GLRrZ8avoY5eNAyQ2y624FsqYZ8PDgEis3VI1P4A,Hollis50@gmail.com,Brennon Grant,1
V6pWiTlCwfD3eHoD9u71aL28X06IGbq95G1NNDhk,Camron2@hotmail.com,Shaina Wiegand,0
nZb2hWPGSjmAbAqFaIDUKvmSNh1uPJ8iMLB3Dj8y,Herminia_Gleichner99@gmail.com,Camylle Wintheiser,0
fo99vAyUnmw7hYmmJvAi1OfWlc3AxDSbZneOSjf0,Pearl_Cummings@hotmail.com,Mr. Joanie Considine,0
wXJiIduNT0q1wr0eqZ0KOsianHorZRH0xesvSCGO,Royce45@hotmail.com,Odell Rice,1
r6YkLcjrNf9QBvRcAUPb62o7VKwoTktRm4ZK2meJ,Darwin.Mills@yahoo.com,Jarred Abernathy,1
Tu03NIJtgFkC4rOcaetLoGSIdO3LlfEhK8ALnLME,Maribel75@hotmail.com,Kellen Parker,0
ezHumzArcFpTzuq7lFqJIH4QY1r7lBVQStjtuxLE,Kenyon_Monahan50@hotmail.com,Michelle Fritsch,0
opjugSYZIpH07IIztwJ6JLLpF9IOy4qAdi2GYAyk,Krista10@gmail.com,Dr. Claire Goodwin,0
VB5mDMkvnQAxWO5D85v6rK06Dq8X7StQdPwHfJ7R,Rico3@hotmail.com,Kenyon Gleason,1
vhKgdyoqvyAtFhe1RmSX8sEgiKedsIYuZ00fe3WF,Obie.Koepp43@hotmail.com,Jeanette Connelly,0
RxfkDEa95a3s9GF6doYdssdj5zYEaCzyWz9sbvRY,Ocie_Quigley76@gmail.com,Dario Schultz,0
Ib57QIE9wYhegEECtMp3O7KBtCRov0LsB7hr6OEc,Lydia76@gmail.com,Cortez Klocko,1
0AWI1ULRYPiobWETFGlK3pFn1yBkLdQVtKbkQxcA,Shaina.Wunsch@gmail.com,Kay Gottlieb,0
GD1tWff7gl9X70x6gWbx8P1mSopiEMp85qXhYkiZ,Myriam.Emmerich@hotmail.com,Mara Kuphal,0
UjuTJ2bn3xVpyF1WcB7EmA1WX43TJCPa1Mcor4Dq,Marietta93@gmail.com,Alexander Bode DDS,1
4YB7pKVUO8ox1BYhASS7ZeD89DQh9PhEsxryFH5p,Catherine_Hahn@yahoo.com,Monte Ritchie,1
vgEALPXdnqsloln42vWeSOTpV2v2L5XYLo0SSCXV,Reba_Hane21@hotmail.com,Verlie Shanahan,0
LOGI02sN5LZ2PsBjm6HGmVQl3opVNZNG9cHlZ7wy,Timothy_Rohan@hotmail.com,Lindsey Mills,0
CmKStlR60CKZBpI5gNhVCQttAEiDX40hKjaUPzES,Gardner99@yahoo.com,Oscar Casper,0
hkENnmOmAg7bVHCYLFWYh8tFXro0HHEli2fYB5PT,Dillon35@yahoo.com,Daren Leuschke,0
HL3sqvEzv6sG2hqJVIKsKTEojt0zXlViUAkTrOvV,Osbaldo.Roob66@gmail.com,Joannie Stehr,0
lMdT2R3HiRg0bK6sU9skxMvbd4lLLGxCJddNVGcl,Chasity.Stark@hotmail.com,Gilberto Bradtke,1
KiLDZp0frTvd5HvJc41i3mP5VC1GMlOKOqPg8iw2,Lacy_Zboncak6@gmail.com,Jedidiah Hoeger MD,0
Y64x0RsG6sX8ScWSH46C7d7uHaBGk7ecbyd6Zufj,Nadia_Oberbrunner@hotmail.com,Ms. Tillman Little,1
7rcTGTm9EqQdJojRerWscZ9iUfjvVtY9jcbLI4wH,Wilfrid.Bogan@hotmail.com,Dorris Bins,1
C9vUWiFil0ksI28zuXVK3nYSKQssYdZFL33uumeQ,Natalie75@gmail.com,Niko Orn,0
FLEUpNDT0bvAeY0T7qm1BEr09tFy9JHXiqQ5SYUa,Julien47@gmail.com,Lorenz Stark,1
Fq00x6aW7rkO1rXgoJhjpBlE4HIfhLvYpHBYL6Ll,Ericka_Tromp41@hotmail.com,Frankie Bartoletti,0
qs7ypzlOHAOQDl1n9alUxRBVzK0E7lqZ9R495zD0,Fermin_Mueller26@gmail.com,Wanda Blanda,1
lEyPVazBWGigm1k7gEw7aFW7p2yhoM337iAgnA0Z,Lindsay18@hotmail.com,Franco Dietrich,0
o8sHmgkXeyRxJ1esSkz2PzcTqWCllThh0PVeGYZb,Mabel38@yahoo.com,Amiya Wyman,0
wrSjSO0HPNyGap3j1gIGocBIp39hBQ1XyLoDP106,Aleen.Macejkovic@gmail.com,Mr. Joesph Schowalter,1
edRf3PvZIKt7X73mPbAQHM3blYyJP6z1QJmk8eNC,Carlotta_Ruecker@yahoo.com,Rylan Boehm MD,1
gRTKlAFb2XFU7EyTTq6mv1obfamaNhQmaLoa2lIF,Wilber_Hirthe48@hotmail.com,Isai Hirthe Sr.,0
sdpX4WpmxSeOYJXXhwhLl33ybTqEMdAzaaXkiVDq,Ruby_Bosco44@yahoo.com,Mr. Isac Fay,0
Uv46kBeaTQ9yY30QGvPHLSsWkPikRkw9f0vUbzTo,Aron_Kshlerin14@yahoo.com,Helen Lesch DDS,1
D5iyHSuLMEjkuVuUjX698s5La21Q8oo4fQ9m7jP7,Bertram_Schiller66@yahoo.com,Dr. Shanie Luettgen,1
yoXYlApW38XsDGEYAqDdsWzyixKr6ErbMn9prqWo,Shaylee.Hodkiewicz@yahoo.com,Caesar Heaney III,0
llqa4ItIhfbmJglJIlrYcwdyNOn9xyyWPBjB32Kv,Gabe5@gmail.com,Beverly Schimmel,1
ISiGrCM5hKKwdTpThHfrAruBHKD8La7kBo1PgQgV,Kaia_Ratke@yahoo.com,Ernestina Thompson,0
rsLGtwyOil4WyBdZcxskN45OiQo2RzF8H4EAgZK1,Joanie67@yahoo.com,Jenifer Luettgen,1
wEGOyIWzkYs0h6pCXAWSdNK8ov7rlmOBYD8KxWfx,Bobbie_Carter7@yahoo.com,Josh Kilback,0
I0RcT9nGxnZLkLwugUg3AeZiOCzwmHhStPLU4chf,Coleman_Boehm@yahoo.com,Cortney Gutmann,1
AEYmkifGADErq7VbTJCZ2W5m3vNlHcGgOgogKXK1,Austin_Reynolds68@hotmail.com,Kassandra Grimes,1
LqmXykTe6GnrBGtYtPFmmMLL9DvtAC0SJFEpA8JZ,Ettie.Baumbach@gmail.com,Kaden Kuphal,0
yyUhIVkx8QFmN99KZ6VaCGhw9Ib4jljzjGosXJyc,Molly.Bartoletti54@gmail.com,Arnulfo Kihn,1
FybugLb9rrfLWJ1imetMxBmE6AkODwgt1VuoAjvj,Dovie.Windler@gmail.com,Talia Abshire PhD,0
J8EbXurdXXEj4BZEcVLzJEeZrSZYCIMAT5UH7Vj0,Gudrun_Abernathy@gmail.com,Eldora Crona,0
QSwp2LCl7PizfWphT2EHgoD0BWSJnYZNyzb9hKvs,Jaqueline_McGlynn@yahoo.com,Quinten Daniel,0
Vc1Dnzko0AtJMGDZxmMSSnPkaff5JZVB2bvRutn3,Julius_Brown@hotmail.com,Carmen Beier DDS,1
Fd2n217ENpCOh32Vg0sSkiAeZuTcTTQF61mqqlow,Adrianna.Lynch@hotmail.com,Gussie Zemlak PhD,0
X06dE3PdNsbdtRwFynmo7n71iX4VnUPS8SPJ5aLU,Elisa82@gmail.com,Kaylin Stark,0
0vlZ9t0hoKVnbKe3RDGmwMV5b4JWUTjN8bypaDsL,Daniella38@gmail.com,Luisa Schneider,0
xl2zJRoaQUyApOGzbEnInYQYESyP1FI71r7CWDzw,Akeem.Hahn@hotmail.com,Bethany Thompson,0
yOzfksutT85AnrjqYglIdMlucGGbo5piGGoy3JYk,Jeanette44@yahoo.com,Vince Quigley,1
c8oU4YOoq9A2WdhTz58Vd4Dnv4PSgcCXQFYVFEOz,Adela_Quitzon@gmail.com,Miss Myah Weimann,0
B04K2ImObgvAMgy8sL2H0f7PSbrnGBbEU5OyevZy,Darrick49@gmail.com,Zander Nitzsche,1
zHGzXKPBsqhnBCAYbBt6CaVTjeaYyCieBBu9QKFE,Royce.Stamm@hotmail.com,Abigayle Wisozk,0
SOrWLBk43m3M9CsQ4DMDLHPjsnERYInIuxfODFcZ,Aaron.Kautzer41@hotmail.com,Buddy Smith,0
qUdXRkbsCyqsUB6vI9EtLwkXTVp3nce4vGvtOpil,Jamil.Parker@gmail.com,Benton Botsford,1
lTkDaJ53QeKRZnoG6rL9BifOPHtuLHTrgmXoeAJP,Rahul4@hotmail.com,Mr. Clotilde Rempel,1
ULUpYOEwSF0s56SpIvmHTlLWGcL0yY0IZkGkjgl5,Seamus.Barton@yahoo.com,Sadye Homenick,0
VauQ1Zl7GfIsZH6jNkBz1ZQkyW7JujZML4cYDMkZ,Kiarra27@yahoo.com,Elnora Hoeger,0
idlJwOyJXvkqDJPmdY7gQDbuGaydWFj83ElvYigt,Shad3@hotmail.com,Mr. Joannie Pouros,0
3uWYPE9zNOqLwuNbusDuyK60B7Jzan6unM9SxDzT,Leslie_Dicki@yahoo.com,Carole Nitzsche V,0
XUjTOpQC7K3K3WnW1JnXSkiruUtnEgUJwdBgmjr8,Oscar_Rippin@gmail.com,Sim Dibbert,1
feQr76ZolBRPVYKWFc6qddUqU7DUulyDhwG2do6S,Loy_Graham5@yahoo.com,Dr. Rosella Emard,0
MlOPbDyQtdCiZKF6FrqljPEVZFyXEn2YTGfFanhK,Brenden39@hotmail.com,Patsy McKenzie,1
ahHLp9G4X5itZ6qE7qLB3cHIma0zlKKmwQPWMEtt,Gennaro_Fahey@hotmail.com,Chanelle Durgan,0
YZfFzOn4YTBzUdNkI0BKRxQdKFElNCxDdmKvxqxn,Kianna_Mueller85@gmail.com,Rex Boyle,1
wrLjLSQIE6d3eiwAIKOlRCixa0gRYJQ0GQLaz4oF,London48@yahoo.com,Myles Walker,1
HoKrIdLIc5mQyghMLurKy8r9A8ZoHMlXKAe1EylV,Jamarcus.Mohr89@hotmail.com,Stanton Pagac,1
UYVDo8JfBo1wXXaSLMX6fQWPWvC5dqBvXK94Rc7w,Rollin.Rosenbaum@hotmail.com,Oswald Rau,1
z8xds1zUltGrRGcChSc3QxBYnAvQrZNqCS6tb2UK,Eda_Schultz@hotmail.com,Miss Neoma Carroll,0
1ZtuS9iz1q8QG653OUwZniyWr1Il10eAsQGbFQLx,Jarrett.Daugherty@yahoo.com,Sage Bayer,0
TIYlnibnYDbolduHY1qVQ3WbXybnDK4zt9z8Umtj,Marc5@gmail.com,Nakia Runte,0
uv0J2qUcR2qrXTKmIYmzVrq9AK5pNdDEFeaH3HAb,Gayle_Krajcik80@yahoo.com,Joanne Johnson III,1
Hwq9DekY2DBGqdWa2ueD0wYBihOsSVVvkPTwd2iu,Aniyah_Cruickshank98@yahoo.com,Modesto Yost,1
YjHDjaAq8lqFhbBThbpxfgYvDDhkZQo52hbl2tCP,Emmett_Huel93@gmail.com,Jacques O'Keefe,1
xDl5UuVcaYoy0LfyZff440I6nhgh3c61zfYORkBC,Ben_Heller@hotmail.com,Sedrick Doyle,0
EdNLXlMQKMzxQEZlL6RwsEVsGoULCKLvUAsxhvYv,Edwin_Block55@gmail.com,Nathanial Bayer,1
OcrpPgKoxfqoZKvBlX4A5SBNc0bm8nduqn0wHSCX,Noe66@hotmail.com,Miss Zoila Cartwright,0
L1FrNGDIgSxkGvql5tvuFPeUbYXJNDoMtgwi9uH5,Nestor49@hotmail.com,Cora Schneider,0
0bqEwapeETPjsKQgn8Vhkv85M2sVBUM7299p2g2F,Gaetano.Fadel@hotmail.com,Dewitt Schmidt,1
l0GW6t06l8d3IbgVZat49JA4TnCdr7IbUofebJP5,Eunice_Spencer@yahoo.com,Garnet Mills,0
4ieEP0zEWKzLZs4dB6wuRkchquCkWVrTImuWhFLc,Darrion_Keeling@gmail.com,Willis Kirlin,0
mzRpsGF8KNG2RrpGDH29vrC0I1ZmEEsz8ElmRuH3,Flo.Morissette70@gmail.com,Demarco McLaughlin,1
rXC9KCNycVBknfNLuZWuWsZbGziqWnl3b6Sn3krY,Alexandrea.Schamberger@gmail.com,Micah Kunde,0
ThGLqv0CTg4DVD6MDG0Ye6yLTnlfgTNFbjPAsl6c,Ronaldo14@hotmail.com,Milton Predovic V,1
oZfbTSW7D0OfwwH2WcUDywj69hVOzXKLStyvzzkX,Shirley.Feeney@hotmail.com,Sarah Shanahan,0
zs5LfooSD3XF3RpJKvF2n4UH6GFuWQawBFtRAGFm,Nakia8@gmail.com,Ramon Muller,1
aybKYA8DYTsbZJkJlHIrhI2NGJsb4lbqrqYft6qT,Aileen90@yahoo.com,Mr. Autumn Howe,1
znDCCbUAZ6YlxVaTkg0hlYDOdbJEdbivTx8nsFFj,Florian_Murazik65@gmail.com,Trevion Howe Jr.,1
l3BbA5kedPNRjq2bLChL7zwujf88xxCa36DQV1iq,Cassidy.Cummerata39@hotmail.com,Mike Connelly,0
WVEKs9mg9HkXZNRumRQVyFLagDPIE4p6ss0GmL63,Ernestina54@hotmail.com,Felicita Treutel,1
CVHU0ppEQbB4SuG7X8F36XshWPZp40tRADidmrSc,Madge_OHara61@gmail.com,Terrence Schaefer,1
Gb3OBn2yZH5mD3z35ibV3xEK0s4zghok7lvOouOG,Myrtis.Watsica@hotmail.com,Delphine Mayert,1
MDX6DCsKUJyO9tMC65dBI8vITsK8ukK0Rse6VGEy,Hester52@gmail.com,Alford Sauer,1
IQYu0pq2dtcbyELqwVYQGQ8hk8blrtwJ4KLKtSz6,Nelson.Welch17@yahoo.com,Velma Beer,0
je2ZCKyN1Sh43lwTVZ9GfsLGlTK1GAGYhQRwEVOz,Germaine.Lebsack18@gmail.com,Uriah Farrell,0
tCrZVpQmyVndHJGS8twwcM5XPz9P1mLNSDeWkgD6,Marcus53@hotmail.com,Trisha Goyette,1
v5LQZHaJu9dWmjxUGoyRwVKfTLE404Y5Jq5Hrmsi,Kyler_Wintheiser@yahoo.com,Sam Kerluke PhD,1
YkZS9r861Oblb2jxuDBZNLv0vYh2K0vgVa8JrQhI,Jadyn50@yahoo.com,Camille Hintz,1
k8SYZR12P4Fvsw21yH3z3ZoqtjAZ4c9NBpWQ1ZT4,Teagan_Pfannerstill@hotmail.com,Bell Collins,0
3N0Jn4WDDrifccWbPdO6bfJKJ4yH41djOflCJWO9,Breanne2@hotmail.com,Mike O'Connell,1
gFmsmH0VQL7tR8Fv92lmo08HuFAj5IKqpu9VKdC2,Emie84@hotmail.com,Virginia Hayes,0
ZsULcbAm6jud4WwWpQu7kZLcJ5BeqboH1xO4rmF4,Keaton67@yahoo.com,Sincere Ullrich II,0
iaBDssIRTgjJyhIwg2oo7fnyBXI8McQwQWGVdHD7,Domenica.Blanda3@yahoo.com,Omari Abernathy,1
yJgEfq2QJzf9ROxbBfbKcckOZ28Z42SlRXeligeD,Graciela.Wilderman70@gmail.com,Jarvis Toy,1
WfYVOC2VSx8gckq0E5wH7nIXCb5FcJeoxgCqhJ2u,Brain_Kilback75@yahoo.com,Randal Metz,0
LZ5osQAIafUEmQibD9sMPf8CZxxCSbVTYvUyRjMQ,Cruz.Stark@gmail.com,Glen Bartell,1
eNlziS4wBV5QoQN3vuX3wPnA0Gb8Uj0Se71x4G4p,Jamil57@yahoo.com,Joan Legros,1
TzdsOjDsaQaQ0dqqKjq82Xvp31Su3svWxvbbkPHG,Sasha_Cronin@gmail.com,Miss Shany Terry,0
vm4dnxJT8MFR3CpF1jp4sHUBs7DLBend7DO1fSyf,Monty88@gmail.com,Abdul Wintheiser,0
QY7xDc8U461S8FDwpZtHEmJKKazeR9sB2U956nkL,Joanny.OKeefe70@gmail.com,Sherwood Morar,0
IYSbxINC4NZayKz4kvcGv1ON9T9SoGv3TjVkYjHa,Ofelia70@hotmail.com,Mrs. Anne Nienow,0
xB4sHLdlINxLBcv1SRppyrnejbpl6rCprcYSI6lj,Maya.Pfannerstill@gmail.com,Elliot Abbott,0
0oxFGXzl7oK1JOV2z3vibdKkLwZ32d6Svv5CK8qu,Brody_Carter57@yahoo.com,Jalen Larkin,0
ExKo5lW7hNe2MDAsbda00W4Je44CWy6TTDGeGpKB,Alyson.Runte@yahoo.com,Hunter Wisoky III,0
7vt39CI0VrK7CeoB2oA3kox4Y4MksLyuxjwW4QDJ,Brennon_Leannon51@hotmail.com,Baron O'Conner,1
KeFqpVJX1XKCpTtFWpR7BpUwU7lCuLYZt2L6prCk,Quinn9@yahoo.com,Delphia Witting,1
nP5m56ktpZQBsd288TY7Yvizb5GsRwdbMSSbagM2,Antone.Raynor40@hotmail.com,Waylon Auer,0
f0KT39cYjvWLAn1336W8c8t9cT2GpjMcm6vWKUkS,Francisco_Beer@hotmail.com,Pattie Pfannerstill,1
gJsq77N1objto6MEAI90vn4SWMugnHJ3xSQ83N7G,Millie_Abshire36@gmail.com,Leila Bayer,0
JO4DGeKWLKYHD99jmRHkAtxrgqS6tnohUzUgZI38,Larue.Morar94@gmail.com,Mrs. Narciso Zboncak,1
KfRkEnNFUK0WUjh99P8pzOw64DWiDO3eFe7p2Bfk,Silas15@hotmail.com,Edwin Ondricka,1
a1NNSttQppgppoSk6XlAgLZ4TM0y2Djz5Xwa6p1E,August.Botsford33@yahoo.com,Loyal Bartoletti,0
xsu5uTQNmcIYgAZZIidtoNp64RuSXfyAOyJdRbzo,Ada.Reichel@yahoo.com,Lawson Lang,0
utu1NoNDtrEBDn5BkuoE5SSzPDtrnbnkEUQa2UHg,Kailee_Will@yahoo.com,Kali Halvorson,1
Bf3JHEhjthK3FmaBIlH7CmbtsVbzasiMQPiKCIxl,Kelli_Kilback@gmail.com,Ms. Roberta Kassulke,1
kq6BL0K3AkHqUZAZZ5P1CKqVJ19TvnR4Npn3NXur,Shaylee_Marvin82@hotmail.com,Jessy Russel,0
IsCeIkBqHqeBnP25fQIRJ0HFAXuqnXyQUtrcajZF,Lavada22@yahoo.com,Denis Kuhlman Jr.,0
4dNcmVjhMp08cHjtor2u6LR5R27OxuZw0XeEe3o2,Carmel74@hotmail.com,Gage Lakin MD,1
P0O2eZwapTfuERi6tTVK5fxbys0yoOqOl15UqgWm,Frances.Homenick17@hotmail.com,Reinhold Murphy,0
vtU1dKcwJk8S8OR9q82YTlKhCsWIE4iVXxmUYjPh,Georgianna_Frami@gmail.com,Chyna Hayes,1
Qgh44LPbObsDQmQ1FbB3ZGACI8VoKkzNcf3a0Lq2,Julius_McKenzie78@hotmail.com,Paolo Murphy,0
ynwFPFtyA1ybG4YR9WVvLcsFLDtv14ER3VEyS0eL,Myrtice_Welch@hotmail.com,Mr. Janick Bogisich,1
vg5j9pdevKQeKW1lPuX2OWkfh8OJoCxYNOxXuXfM,Floy.Rippin85@hotmail.com,Carolanne Nikolaus,0
bKdfr2ZqVS1sPqlehgYiBV9QiMGCSCcRItB8CYAL,Cathryn.Zulauf@hotmail.com,Miss Jermain McDermott,0
yB3E8w8jWWCIMBXTeSiYIKPc1kg8xLvKPbU26uST,Erich.Robel@gmail.com,Myrtice Aufderhar,1
y1uxy7CZHB44GwMf87w1RXgGwZi5wt42IV9BFZc7,Morton_Beatty@yahoo.com,Bradly Sauer I,0
vwAXOHa46eg44oGBoxBFqcNrMcvF4xExEviUUqkh,Laney_Bartell49@yahoo.com,Rachelle Kovacek,1
2GeoXFBH4ZiWQS7fV1mXDw6h9mnqvuLlpFN5dZND,Neil.Orn24@gmail.com,Dr. Toby Larkin,0
aSaL8G9JCLSMWBPlZPqlVX5ueorkDxyWHt3OBQzm,Zoey.Heidenreich@hotmail.com,Patience Hessel,1
6nRh13YB30tzTd3vrTFncZ7kb1CS7nNtGwGGCbxj,Mafalda.Johnson67@hotmail.com,Alene Hagenes,0
lXWGuZrOlaPCc2hi7OwkNYPSd4UnE1LxKmYi2yXB,Tyshawn_Beer@hotmail.com,Esta Hilpert,1
j4OgfmLQbhXmgGew8fvNdMGbeW4qeoXiFASxqGhY,Monique_Nienow15@hotmail.com,Harvey Walter,0
uuuzaflbvshAYqDmWYUsTidQ94dMcSS0iwCtTPsW,Sedrick.Prohaska@yahoo.com,Hugh Mann,0
Hm0B4TKsNJeiJq2pJ2MA58PDWq1vjuZevKfYMP4E,Alfonzo17@hotmail.com,Eliezer Kassulke DVM,1
HIWR0Ukt4at9WZEfy8PiiUUf4FrFsLrqNOyiLtQ2,Candace19@hotmail.com,Trevion Rath,1
crNDMhFhK7ipHDCfyuGFURGMEY27hOH0jpDt5Yjc,Armani.Jacobi27@yahoo.com,Mckenzie Nolan,0
36VZXhZcSPjws0eERt1ynIBMS9vlhMM1LMsSvAXU,Dortha_Schinner@yahoo.com,Ms. Vicky Hermiston,1
IYDyV8P0yU7jHovXsCsYACl30x1EOkF9lFfG4HYZ,Kristopher_Anderson10@yahoo.com,Rodrigo Vandervort,1
nRLLvTbbQ5SeYF66kokGQafqhcSosfCeh3ACUCnG,Maurice.Quitzon@hotmail.com,Lizeth Cole,0
wAKMmMZvnqiv6HCLooMh19YR6XKdP6HvLgyJgaIv,Lauryn.Hoeger@hotmail.com,Mrs. Alf Wolff,0
AKp90lS1cBaVSOXs0GQju4yFDZR1LNiA4Sr6owtX,Kadin41@gmail.com,Toby Mraz,0
GiNQsetHwjEoyV5ckP3wf9LTtUicMBOq8NfrbVRt,Helena.Ryan37@yahoo.com,Elvera Zemlak IV,0
HIFRnfJUmLuWZiifE4gWI8Ono1KOFDdP3P9NRIM2,Kristoffer24@hotmail.com,Kelli Schneider,0
73MsS9ej6RpuxLuHY228sSPZgOILfkkgeUvVt2YR,Name.Schroeder1@hotmail.com,Kennedi Bahringer,0
MYEbqGfSBZeh0Z39tXjCsifjOq1gyX1peoIa3qyV,Samir.Satterfield@yahoo.com,Kevon Hahn,0
gVD2bRZs1SPaZXrKjzrcl4Jm1VwsUw4SRNcNJcJN,Dana18@hotmail.com,Deonte Eichmann,0
3ChpFoZ4h3jCEXNpGpPuvuYujFSo6SDNdlOpVX9E,Danyka_Bergstrom@hotmail.com,Trinity Tromp,1
UoeSsdl3R5aY2n4uwOl3N327rIpWMCc9qxjvfxeP,Gavin.Littel@gmail.com,Mariela Schimmel V,0
hEbjDwlNXFzYEaXGEKQufUc6q5fLhqhLQi5rHAhG,Benton_Kiehn7@yahoo.com,Bret Fadel,1
4ehwRw3PItAoInMa5WB3QbEDIrkfg92i6pb0YYJe,Petra_Weissnat20@hotmail.com,Nolan Collins,0
d0PqGEIcQiHkXAJgXXbuPAHuzhzWuv4b7BlkmpYK,Laurianne23@gmail.com,Rosina McCullough,1
0X3MqPuh4rxCymQtsjBChzDz1voHTUpYCp4wZnS4,Jonatan_Wisoky@yahoo.com,Isom Lowe,1
EL1SvYiOmLDZVoOUFV3cQglLyJFuZ273A0PwnlhL,Doug_Howell72@yahoo.com,Rosalinda Rowe,0
J9lzI0ru7cwCpaFp8l2vKQqggnDbygQiGlw9jczK,Trevion.Champlin70@hotmail.com,Jewel Hills,1
W59T8oYUzia9IJLUB8Ah7sKN87UpZGpgSxGhybTI,Neva.Johnston@gmail.com,Otto Zboncak,1
JU52vmusNmPFnDndxPNj2lT1BVm0sHzvHrXgnlo8,Rudolph75@yahoo.com,Wiley Haag,1
Qn6DjzE1PgzXSXq2V510VMG7pAgktLhseEjgJhCV,Joanne_Gutmann47@gmail.com,Linnea Bogan,1
Q8waO721RQJGOB1NtHKo2FpPcxQycJQ15oPn7mus,Dean_Braun@yahoo.com,Buddy Stark,0
GOiSvrzL0cPb3PX3Z6gSYAJuKqnMhikIhZlZbbcG,Nels.Ratke57@gmail.com,Marielle Kerluke,1
cPkWMalFGnAbsmrbLgR9EXBFV6zCK7cVrLNpZcON,Henriette_Rosenbaum90@yahoo.com,Randall Miller,1
5y40W81XhN32Riy9iKpmFOBVjEFkRJms5JQJWUAE,Aliya.Ziemann80@hotmail.com,Alexis O'Keefe,0
bxFm78fPXPh91XT69ZvHjyZPHuxkkEN7SCPXiOmz,Aletha_Jacobs47@gmail.com,Mabel Cruickshank I,0
Mm24Vv9C50nCWGVjvBo9ORvdysvplDoXkX9Woe1M,Waino31@yahoo.com,Torrance Gibson,1
EQmsxNZMffdtg6rDMvXWKJFQVzUoa8BIEElqZ2gj,Haley.Littel@hotmail.com,Andrew Streich,1
unCj065YMGuEQ2tvCk1AwyUNAVillOFvfHIKji9T,Isaias_Bashirian@yahoo.com,Ms. Kaylin Satterfield,0
sUVEJ6mR2l7p2Maml4nTLCXYO5ddw7L833Nw3aRH,Roman.Sauer@hotmail.com,Keven Farrell,1
k5DaiYVjASgYS5qlv0jbiZmS82JbcJ7xjH06b4DO,Wilbert.Bins79@hotmail.com,John D'Amore,1
eEP5A5fhUO6q6AdX5YA2eFaBv18MyZsVmJmuvqUR,Erick_Labadie@hotmail.com,Michelle Farrell,0
g4DyY6ZvfjLSshokGgepwE6S5xbpwr0udo71NgEB,Simeon72@yahoo.com,Wilhelm Schumm,0
JL3E8bqdsfvJxjoaiIsZ2JlL4ZbTIyIRoYUNcKM7,Horacio.Beahan@yahoo.com,Howell Runolfsson,0
CXqib16l6m4HsrSE8CxHCPn26Nicxwnkzk1UJ9Rs,Giuseppe31@yahoo.com,Luz VonRueden,0
fkSNtPqG90RdnpIK3tdswcIRxI3oAeVK8RFcdYj0,General.Kuphal@hotmail.com,Moshe Bins,0
ErJpEMgcCyodocdOkynX0dZlVpJAb9oMkVzLwKtD,Nona.Mosciski50@gmail.com,Lexi Wiegand,1
Qg6TlaUffUOmCsGuFWd6xiLB5t2AOHcJX2O68wU7,Jeff.Lynch62@yahoo.com,Mrs. Cora Hettinger,1
cuj5cpgkDZidKsp22C9xpGi6VGZMV16vLXXeMBk8,Rossie71@hotmail.com,Leslie Strosin,1
nNLn9DIn8fTdB0JISuq1BNjChJrATU8wF8MFMdJG,Quentin.Kuhn@gmail.com,Alfredo Langworth,1
qzXliPGFPlG893VdDdXW5aliUiiTbrGbpkQBi2iI,Richmond_Waelchi30@hotmail.com,Suzanne Mertz,0
NbACG5dp1GkmksD0dLZ8WDeVQ26stzn5hwovQiGS,Assunta_Thompson14@yahoo.com,Norene Stiedemann,0
6c6eCj5EeT3ettWpArfIETyUKRb2QXrlezqmOk6K,Ronny_Hudson28@gmail.com,Derek Schulist,0
8sT5T31G7nN6DhysvkcqwoTNnZKYVK7tuBaID8pL,Aurelie37@yahoo.com,Irwin Bartell,1
98kuXDxuBBc7XB2c3NE1mR16VwU7U9LYx82BhCVa,Chasity.Turner87@hotmail.com,Bailey Waelchi,0
LaHkxcVAVzAkvNNbgOf2i2nFRuAsMmE1XxjAPYOV,Herbert_Heller84@hotmail.com,Justyn Nikolaus,1
KLPj71cSQKzkMjmHxU3t92hRzAIWCzh9sTRfnmzQ,Anais25@gmail.com,Mrs. Hunter Fritsch,1
3PMz7HOnZrQHjJ358SHDPIaJ7dO3CSfQTTGmekyr,Ryan.Davis@gmail.com,Miss Fabiola McDermott,1
SbE9VsclKSeGJnCqrXG71zVPwjdDlILPbTmqRDwq,Meggie74@hotmail.com,Gavin Harber,0
Z7Ig55eaica6C59xjNbq4RkuCzhAr6iCy7N8Z4Sr,Robert74@yahoo.com,Brice Leffler,1
txiuJEFtB2K2lE9zibZClNQuUtlahjKFngmjgDJa,Taurean18@yahoo.com,Romaine Jakubowski,0
AkV0dgGIOxqgHuK4hDtGjK1tqmAFSPw0R8IZNnu5,Bryana59@hotmail.com,Jarvis Lakin,1
ebYEn7PdGnmEkOYQG0ck4ASZ1tgajyhcX6AXxfA7,Kurtis41@yahoo.com,Delphia Christiansen,0
NdOqkjX1Oo2EwZOcT771CUBZiWw0dkbQJxEpnxCn,Oren.Jast20@gmail.com,Ms. Benny Schmidt,0
I3lBvWjIB0DvRdlH4ORM8FRhknvX6mL3iLUDeEK9,Christophe74@yahoo.com,Alfredo Purdy,0
QPEQ2LMiTmzvvv9nEJFHpJEPuaV5G8ua1Mm4bSUT,Emile22@gmail.com,Trisha Sanford,0
hBZOoOoF4hAiPUwHj65QIOpaSXYhAguwM1oQZEUu,Shana69@hotmail.com,Sam Hayes II,0
AGvkYlECNDV7KlTet63OZyfLu17rEOfaEDdXgUs1,Lois_Botsford@yahoo.com,Yvonne Hyatt,1
JCXbJAvJg9TPyymF0vg7cKo7X91jxbHrartAFI5I,Joel.Stark29@gmail.com,Ms. Katlynn Bashirian,0
QhLG7hFNWDHYTQ7xGZM7V3JSZGNDRhRNyzuhd9IV,Adrain_Considine15@yahoo.com,Alexandra Jast,1
mlcpeSZxDYyXfiDgq6Z0iGd4Kxqpd4drgqqXrjtY,Alfonso_Ward@gmail.com,Laura Christiansen,1
N3a8hBQ4aCIpvuoQUYr0udDt4KxuLZjQVf3tigV5,Joanie_Stokes87@hotmail.com,Columbus Murray Jr.,1
4X0a1330WJuWj4KkknCGq5s3zgeZsIjr71xwQLDU,Bradford37@gmail.com,Janiya Schuster,0
rTOpb7mKALgbB36OCFeIkEdWQnbEpCOMy0Y7v5HW,Diego56@gmail.com,Amelie Beier,1
MrNOPw0Cr1nddnIUTTqlpaI6PiBaqWTNgSV2lryw,Duncan6@gmail.com,Deondre Legros IV,1
yEuGWSqgCopxvYL9YSvOotrZALvGwkmLt5TXRAIi,Boyd.OKon53@gmail.com,Juana Turcotte,1
4QJBsk3ay4gU9DEYJThHVa0Gf98umXMe1WW7EB2h,Abbie_Legros17@hotmail.com,Clint Christiansen,0
EWlCcHK0qVyjAlGDxAsErfBKIPQlGjmzpQt8eFf6,Holden_Morissette26@yahoo.com,Adaline Tromp Jr.,0
jzHxxR82fWBVxI4LWy0D6KrMwJyoAVtGR6pBvubf,Palma96@hotmail.com,Dejon Rowe Sr.,1
Tt3N9t05sdHoDgBChvBru9aAOw9GezJHCEU5ctX5,Allan_Medhurst@gmail.com,River Wisoky,1
mEtFKbWUiIQ9SpMhnu8VlJEYJgsKEcbJqKainx7h,Candace.Homenick6@yahoo.com,Domingo Koepp,1
MMj2qUYog2BIqmF7tHiREIXPsAAOf0nD1lABFxyc,Natalia_OReilly24@yahoo.com,Fae McLaughlin,0
nvqxrv5glOgfbp58erFEY2dQC3yEuaIosWHaAN9i,Jessika.Rodriguez@hotmail.com,Mark Kuhn,1
WOyWymkt9alFSkcERIHT2XT8CmmPWnbJNBO6SrU4,Wilbert_Von65@gmail.com,Katherine Wyman,0
TbbFqhUyzr5RDFoYM8PH5xAdda5Ipkgn6wODJBeB,Hassie94@hotmail.com,Ona Heathcote,0
bLXoq9lPdAXThgzyH4eTZPKgHeBBWMAPiZBQDtYi,Bradly.Murphy67@gmail.com,Alexandre Kautzer I,1
e7CstxLFmhsd08Fbi1NbWXF9tQAO83lFgQkHKyDU,Era.Lockman10@yahoo.com,Isobel Walsh,1
AJSzyJ0AH8aUnfomgW8FhnJaUqC0faOKc9H86XQp,Gabriel.Heathcote@hotmail.com,Domingo Bechtelar,1
QnIn48Y4rsLn86eliaH2GVM0MqUzm7F8wAlSSTkM,Elisha91@yahoo.com,Marion Emmerich,0
KTTqfNq9PAGsap6o6vk9zfCnMW9WohWpXN7TFPlY,Angela_Walker@yahoo.com,Lexus Ruecker,1
bIdc1E7E1ViLy0CUqCqIj51iVtpM0jboMmu1clfS,Grayce18@hotmail.com,Donnie Nader,0
cYFVnRRWKBfDX52qEAhh0vE5bNgvhxRh8Kv7sPSS,Aubrey.Bosco69@hotmail.com,Crystel Thiel DDS,0
EeB97JUGAdtLfTlWtjToCGtt88iFmTAkR1tdeMV7,Hobart_Willms4@hotmail.com,Sidney Gerlach,1
BbbaWIdieqC9n23cXIhWxS3X855LBTpnshvAis4u,Savanna.Sauer@hotmail.com,Bud Homenick,1
lM7ptHOrP3HJi9O0l4W6KcmMBWDjIfr1wizzBZG4,Maurice.Mraz@gmail.com,Branson Schamberger,0
E4gIcSLzKeht0S0MUUXnt94f2av9xhgGVsp9YdEJ,Jarod.Stehr@hotmail.com,Dangelo Bechtelar,1
2pTBzQghFtRIpkKHFFEtNu2WYf2dsH1HsO4oj1s9,Keven.Reilly@gmail.com,Pasquale Pacocha,1
dYxLEj6ttCQaxOBGjJpWqxg3M3zaC8r8gpxIwzHr,Linda62@hotmail.com,Alvah Schuster,0
nKFZTzgAsGJlC4W2TUx4n9EGRyGHoZr4mGsviftV,Fredrick_Corwin@gmail.com,Melany Altenwerth,0
jMb7BEGv8NLBxVYQa7j0TH6kBiTPzNIrKc3qi2oV,Elwin57@hotmail.com,Landen Harris,1
bw0hDXl5gF6ZaVoIln64dkxZzlY8fqqkgl5j4IiE,Cyril.Streich@gmail.com,Ole Hackett,1
8F7FjDuwwWarvgf5rEte0QCen1qdyuIMSjUVid1O,Malvina.Jacobson@yahoo.com,Nicola Effertz,0
VQmIBZEGSvyrhU08WlpLizLgkePIXrQcTAuOTBqb,Lily6@gmail.com,Pierre Brakus MD,1
2fMyHc2eypJZBIfAgPDrB7Nnr2gPeI7Qb5SKLKvP,Delpha_Rowe87@yahoo.com,Ms. Gust Nikolaus,0
9K5FaVjRmOTnHWSQJYCRmRsLOX0gV0ukaXSt8b6u,Elda.Farrell52@yahoo.com,Zackery Schamberger DVM,0
0BhDE3frQyxEb2G1MU5eXsU3AoCzYT9E74mBVZzT,Myrtice_Turner41@yahoo.com,Juston Koepp,1
tgiaFhvaTsD5ISVEt4cPxRdUo8VUqIMjeBazPPc8,Joyce_Kunde30@yahoo.com,Tanner Abbott,1
1cNxecw8CmQLNXJzBFAXYSubk02FHKfuejGo9pyb,Allan.Paucek12@hotmail.com,Sigrid Legros,0
mgdKRkOkx2xOYh1nUlrfwQskpWOJcRNl4DcG5VYO,Armani.Stiedemann@hotmail.com,Kayleigh Morissette,0
EIzbuTiDzZkwG0YSAGovDQRV4wFRMXRUR3YfS3KA,Margaret.Schultz77@gmail.com,Bria Sipes,1
NgKUrELanOpbbCyJ7Jf2Jql1CoEgIvtw3BQQTCXN,Pattie_Murazik@gmail.com,Jace Dietrich Sr.,1
BTfU5wivkT1FbcxFFGyUyayZf6yD4OSkbWXNofKg,Ursula.Nitzsche@yahoo.com,Elmira Metz,0
Dqa0LYs1czKxDN3HFxpyzTaOQKaObeZgwTNoYXnU,Vella97@yahoo.com,Ryan Ondricka PhD,0
O9PClNj0K732UvpxZDobmmHf3PtQIp10ibuOioPQ,Connor.Abshire38@gmail.com,Hobart Walker,0
PxfcQyzwXEFlYfB4MFLSBUAj8weWq9oHSi9zZ67n,Elizabeth68@hotmail.com,Mrs. Josephine Rau,0
YnJ0LbDl8FnUGJ7MQcRTluZloUprUPlYquhvy0Av,Elody.Pollich@hotmail.com,Rigoberto Fahey PhD,0
O3N5NI3veQslwWwskebb0BV1zXxzgvqctNuBbA1j,Gideon.Stracke65@hotmail.com,Toby Morissette,1
7y8RIepF8BByHGmCqCOJ78fOZ3ZlmrCV37HLT9fv,Bennie.Klocko99@hotmail.com,Chester Jones IV,0
aX0cv7eV4wICtypWO2byeRvpQomgmwIOKALk2mSU,Oscar.Johnson@hotmail.com,Genoveva Kling,0
0ABxQEnfE0ec6C3iv9qtNdg15SL1QkV3wZwhhdpb,Celestine_Murray@hotmail.com,Keshawn Ondricka,1
7JCSl2kfWMq382uvLKT34LBIPpprxrDqDp2f67D8,Randall47@yahoo.com,Derrick Jones,1
xS6CMVev6pS6GO5QneewOfgiPuvHca8NQL7cek7Z,Brittany.Kassulke@gmail.com,Remington Reilly,1
M04rQ71ps1fbWqrFkz4mLWk3VoaZWRcpHZ0Pmo49,Desmond.Witting@yahoo.com,Ivy Beahan,0
oRSTR9PgOuYht6nWp51DNjPtCrAJZdYm2MYhpqT3,Miracle.Pagac42@hotmail.com,Elvie Reinger,0
gyj3iTd2NkpagJvjUzT5QhTwbB4sEiINw2NOZnYO,Josiane.Brekke@gmail.com,Casey Padberg Jr.,1
1eX3s1gXPDCc1bdG63M0aYmYQXwdpqBbuEfvneoK,Heloise12@gmail.com,Carleton Littel Sr.,0
qPlXZSnHaahXA2Uqzq1bQbFJ7WUMaQU4F2pVlxEB,Julien.Purdy52@yahoo.com,Mr. Raleigh Effertz,1
xDQT1kK6bNZ7lIaasdGu1JDwzZO5eiDkJ2pLiK1j,Vesta43@gmail.com,Izabella Howell,1
F5RWx7p2c6vLLIyWvCW74z4vUN69FWN4wn30tqDz,Emelia.Thompson11@yahoo.com,Jadon McClure,0
kIN15wqPCIWWSF7sLSpYZcGCcNCaJxWufGje6LUz,Buford44@hotmail.com,Wyatt Stracke,1
PJuWabnh6F3ZAuEO5t8PXdwtwcFtzBptQGp8mxd0,Maximillia_Pouros@yahoo.com,Duane Fritsch,0
ueVnvFAmofkEyr9WPq7CKDMk8TCGaPU2HQPTzoSt,Yasmeen_Littel@yahoo.com,Mrs. Kiarra Ebert,0
mrIYpXDLUJsNp63aycdANihKHxr2pVyNlFYW1Roj,Cassandra.Fritsch@hotmail.com,Lloyd Greenholt,1
5Co2amQsDeAPO4y3olcccqagHa3xcCx0bF3I2lIw,Delphine.Kassulke9@yahoo.com,Demetris Kshlerin,0
uvUm46HwyIPKk1ZGWxEnU9DzioXDKLFuhvDi92DM,Kathryne54@gmail.com,Melissa Ortiz,0
RMs1XyOuz6wx7imTqYSDtK1RFpbnHrOMMqueqDW3,Sebastian89@yahoo.com,Wilfred Medhurst,1
NEWt49M84V1pXE2x7aGVX6VDYBOAqRqisU2mb6go,Aileen_Sipes@gmail.com,Susan Jacobs,0
fbvqboGWsSIvv1GtXjmGfHIKhVug6hdb6DnWSTyB,Emily.Kemmer2@yahoo.com,Emery Hegmann,0
KWKyxG0b6L3T0ikLOaAUlJmaVD2R40uXrx4K7S8e,Fannie.Wisoky43@gmail.com,Bella Crona,0
OCRd9nrsISkbQm6SoJaQHtHfZ8GxbEtvt4GeCjsD,Carley_Fisher56@yahoo.com,Mr. Margie Prosacco,0
crpJp0AkEkjyEY9AtXZ1rmy3siYomCzRQ5gviVse,Esther.Kautzer@gmail.com,Melisa Kovacek,1
x8sFk50RW1CZavqdJtex2XMJhXK5ekUH9XaFaGoN,Kaitlyn.Beahan21@hotmail.com,Johnpaul Senger II,1
iDQWKIirWOowD9vunMJ8PA32wbNMTz8b1zH2VglC,Estevan_Lesch@yahoo.com,Kariane Gleason,0
yMbdiMEZiv1i19ODKNZ2MZIMx5DDjaFAx1SDnEPB,Ebba_Nolan@hotmail.com,Josianne Raynor,0
tIa6i2w78iCAZ42gbfJStfzKsZWHhCxTNuMhWdDu,Grady78@hotmail.com,Mrs. Reilly Nolan,0
7NptX0WDPTCVdL9TEgJhzUSjIhxaVQryxGwfW12r,Layne_Kilback@hotmail.com,Mina Bogan,1
5Hmtn8IjhCP8afaN1w2keFrNxwt31QEZgRbucBGE,Ronaldo.Yundt@hotmail.com,Lisandro Luettgen,0
V5aJP7t8AnUI6MVgNZcmfqsweP4DI3mu2iAisC60,Bobby.Ebert@gmail.com,Angelica Luettgen,1
OvmG8UPXy6l8e94yE7rPJvrJVUomoRz0ih5t637A,Florine26@hotmail.com,Guiseppe Bayer,0
lPdSzGcEoHVSExiiybUu65gAJ1bFJoSa60t9FFcA,Jeffry15@hotmail.com,Chaya Keeling,1
ThiyJ9Gw4IWigIJSS6QzTLkkN0XKs9hVu55Jex9z,Rafaela.Fisher@gmail.com,Stephanie Heller,1
7ZJJlfJnAgScoND4F1nFjlL95E6PNcgcrlNotBla,Telly_Heathcote18@yahoo.com,Leola Streich,1
35QbhuNslNPZxAVtqwFUlXbGWmPlkcSN5LgiNkXM,Melyna.Brown56@yahoo.com,Caterina Olson,0
Eetqeb4dHvGERwfeIkXGeltlnWD02hqlZvVSFTf0,Euna_Herman61@hotmail.com,Winifred Mraz,1
JCwykFjbo2c7Aghk9clBIQwCgCEHSn6q1DuYs3Tx,Miller52@yahoo.com,Leda Turcotte,1
uzI8HvmhKEVEgg1shtJwPVgz5vZtz6h79jgqISJS,Nasir17@yahoo.com,Dr. Alysson Jerde,0
uGpWn0sN32YGUpgrZQ47U4g6F3wYotVqW0jBkoip,Claudia84@yahoo.com,Weldon Murazik,1
dmmj9tykzxfJxiY5djH6ismveDsgjVe9FHexLwr4,Raegan_Leffler79@gmail.com,Donnie Kris,0
F5WFC5TSOFsOx5nsz0EICvm0ZMTWglcE2BylF0yn,Sasha_Ruecker81@hotmail.com,Justen Schmidt,0
ODvX8wFkG5i76o2P15lG0znuqjSRsmIM9wONsXMU,Johnpaul.Hickle47@hotmail.com,Juanita Hagenes,0
joh4SR6CbIlH629UqqhacwbTLxfVJ1E3PwIH769G,Vida.Will@gmail.com,Kurtis Swift,0
RsXWRz8JGINGJ69434teaWIN2hDGWTSodcLVXEHG,Remington.Schaden@gmail.com,Jamie Fahey,1
9p8EBUiXUn0amk4X4g3WeMCWzdbXKv1zviG9d568,Germaine50@yahoo.com,Jamal Collins,0
1QkeuKA8L2CmtEo95MiqFrhxOMZQ6MEXOKnhNnhG,Ozella_Reichert23@yahoo.com,Fay Quigley,0
BUsqCHm985eyRlFOQfVfoVAHEFvJyuZIkIgRrl8l,Virgie.Barton79@gmail.com,Dr. Bryon McCullough,1
N7n4mTl56bvkFr9HawnRf3EE4zMVH9dcx7HGylCw,Elsie.Padberg@hotmail.com,Roosevelt Witting DDS,1
9Kk9MumhKwxsQoaaSIRjpGpz8azVpWMoBjYONX0a,Helena91@gmail.com,Barrett Brekke,0
2i4CJQPTFJUzKssv5WxHBEtDXusbjROro7TKobL1,Armand_Bernier@hotmail.com,Gerardo Erdman,1
kLnVxmBB6n8r5dH0t8DwHByDvbgcQRBPVdOkAr5l,Coby_Balistreri86@yahoo.com,Pierce Prohaska Sr.,0
Dxip0sfObQl88Q9Uq7XAgz91S5aWurFI3vHNmABm,Lora_Kub@yahoo.com,Annette Huel,0
eBISVZ9XUMsXPa5NfYKF43f2VV0Uwnr5pYBM5AoF,Emilio84@gmail.com,Crystal Howell,1
UwkGhgKOuEkimiP02Vfnj3gjZHUo9ZZ1HPP2n0jV,Jerrell46@yahoo.com,Sofia Rosenbaum I,0
66McJOX3uhKkDWDetCBqWPrfcUxqvaRxicebMwgz,Heather.Skiles30@hotmail.com,Cara Schmidt,1
qXY2y7kVWMSUWqMvzQihXQtMu2uxnUHeBOqzt6cU,Solon_DAmore21@hotmail.com,Amya Dach,1
jxpXQzhiAVqog7ZqdQSymWW1yuXhM32zQFbFHzFj,Lauriane.Wintheiser@gmail.com,Hershel Ondricka,0
kMZDmv3coJaEAwaYVIB80LnBw67w9Ycjq7A0HK8C,Abraham.Eichmann82@gmail.com,Jorge Kris,1
f8K3AmGMqlGH1JKTTtSvCXaiyLr3gPqpplXzF8F1,Maxime_Monahan@gmail.com,David Sauer,1
gdb3TWkyL5MA0RqTJfME7qGGKhidX0VKgmSHVdun,Rhiannon22@yahoo.com,Chaim Sanford,1
P2vB7PKkDKolYc0gTDLK2Be5Rg5AM1eVDuKMkgIz,Daniella.McClure50@gmail.com,Stan Veum,1
L7kSxXyFKetzcH1TWXDwOaWyhPwjjbNoNc7ggtId,Martina.Hagenes@hotmail.com,Ottis Fay,0
wDefqgG2G4ymI3igsictSENTOLx994wbBAwxaP69,Ansley.Rogahn@yahoo.com,Rebeka Schiller III,1
hSR5apqzvzf9KrCHqAjZ0dYarrYaIVgmHbH1uEod,Callie36@yahoo.com,Odie Mills,1
FtepwwPsuKcIwuXUii4YCo9o6naTARBAbRoJft7C,Elwyn_Gorczany6@gmail.com,Dr. Myrtice Klein,0
6iE7uHW3rWQUwckg7oxjts2eAQY4ehn1J2DBb5RE,Jon_Friesen@hotmail.com,Mrs. Ryleigh Parker,0
IkzJQ04q5If9yO42qxa4f3pJB3FSgpNydk8AMde5,Frederique_Wisozk95@yahoo.com,Esmeralda Trantow II,1
mNImrvYBy6gcZvBclfxfrpFA4SunkkMFPOFqmFRG,Jerrod60@hotmail.com,Mrs. Erich Dietrich,0
AuDrstdCLX8EWoQwNTAhsIVgkOnn4M4sQzxtSVLD,Marcus47@yahoo.com,Hipolito Ortiz,0
uKFvRJYX5BlvPBg29FfYlqhrYbmzTbCNEW4d0wEe,Terrence17@gmail.com,Miss Sasha Trantow,0
v07gbaXFU90brftAjyepeQ9ONh9I2d4Crwcbh9Ll,Talia73@yahoo.com,Lloyd Stiedemann,1
ccdKIX1u04RIsMS44jeJpBf3OkXdwZDp9iicehvI,Leann.Baumbach80@yahoo.com,Jazmyn Volkman,0
2eN04mJjAvJdCVOt05HcmSz8uybDxUw2a36POjm1,Frank88@hotmail.com,Mr. Weston Haley,0
4qmrZAMy0hK3eALvf7TsS5ZtJclEWxfsssLV0dKV,Neha_Hills@gmail.com,Sarai Rutherford,0
rQa0IL2AQe1rCSxto8dfbm7RnlOqts01gc1hvlOg,Brett67@hotmail.com,Amy Haley,0
GZUEatubf89KEvhACyvwcNgtLYkqiG4DGHpc91uv,Zackary.Hilll19@hotmail.com,Dale Streich,1
qsWHzu2gjSAUxO9qf5Ft72G5ysiz5gs9wr7XrNgN,Libbie_Kreiger58@gmail.com,Mohamed Littel,1
JwmLBCMHjvPAHOeAnRDqzrCGEbzXurtMiRiLNhB0,Dorothea.Mitchell99@hotmail.com,Dandre Walsh,1
uLKEDf7zKUJmm13P6o2A0APrJm3QrhM0sPEWQpqD,Sylvan.Runte37@hotmail.com,Reece Friesen,1
OrkFOJhvxn5HL2VZFaPxcrqktDPHf2Raoy0tpgMe,Georgiana.Pfannerstill@gmail.com,Lera Friesen,0
hwMgRQtyUFNoxY9nSOJJQzdVVJj5H2Nc2byPbvYU,Coby98@yahoo.com,Elissa Wintheiser,1
iReSrMDqSXhcWfeWdP7bRlA5gl6UcM54i28u3uKZ,Rasheed2@gmail.com,Fabian Ernser,1
D5Qcx2mZoxYk7fxRVnIIvuLyugDEsVnAdnqsXVjs,Walter_Monahan66@yahoo.com,Mariano Hintz,1
qcVthdYHt0MbemSmFQMmSlqv381XyGVf0MtcDN5V,Elsie_Cassin50@gmail.com,Jayne Mitchell Sr.,1
hiArrHDE9LaHo9Uo5ci99nYHE0jtekaGD3qxJknQ,Eveline_Thiel93@gmail.com,Cindy Ullrich,1
l2glaaIhay2bteZ6WgIuTjWIzpnWslUUsK41tGn0,Richie_Zboncak85@gmail.com,Lou Turcotte,1
MV7Rx6tPfc4PsLJmEqOXy6soiicmzaA5rnMK7zVI,Hilma.Dickinson7@yahoo.com,Boris Langworth,1
DVuy1lA3IInXpfexzj6q9Vww2fh68WxHxQuAU5hi,Helena_McGlynn@yahoo.com,Ms. Oleta Huel,0
I5uTtjwHuXUQfJIBAW8FmWsOJA4vl3Y4ep7UdXwr,Weldon54@hotmail.com,Miss Eloy Larkin,1
SIBZ6Q1t0L4cKbAU1lrTtGViLX1dUcsysaWPOMZM,Marty12@hotmail.com,Anabel Tremblay,1
h7lq5FcjNBUsLUrycwOp7svIPmwgv0eNLE8W2SA1,Rosemary_McGlynn@gmail.com,Mrs. Savannah Kunde,1
kbHgQwMpj5fADipW9E1eOISeuAvE5227AamylEFB,Davonte70@yahoo.com,Joanne Altenwerth,1
e73ECAFmdQ12ZUXjekCAQWurtmZOXXhpTRKho04E,Greta.Kertzmann@yahoo.com,Corrine Langworth,1
eHZl02sxwDKsyoGIJOkvt4bS02NDuNgv4DP4m0Eh,Malika.Streich3@hotmail.com,Linwood Stoltenberg,1
JISe9N2BdaSYJCWPpS4CeHHuyya5TxrCcfQmmT2N,Tommie.Gerhold@yahoo.com,Hayley Wehner,1
5tW5D1IG7J5hNOILoZ2oOWEUdCyt5QxPeqN5sm33,Lurline66@yahoo.com,Mrs. Forest Hane,0
NBmSekDjk6knp2pinxDNeUkuYnryfQvZduJyhQTi,Alyce49@hotmail.com,Dawson Hand,1
3LkVuta7eQaBJ0mTK8Lb6SFSnSgSI94YNFsDlti4,Damien52@hotmail.com,Gracie Toy,0
u12KBOKaYyLAKpK7K011yD4wZwdR5ao0G6Y3lK8R,Marjorie_Gibson63@hotmail.com,Jacinthe Greenholt,1
LjCxfWprI00IbZYnMm6k2s50K1CGv4LMyaA7NwMZ,Nathen.Bins@gmail.com,Chanelle Kuhlman,1
OdUffl5BvZjr0xExHhS32vT6tO4b83aGAwkuRXF0,Alexanne.Mayert@gmail.com,Amira Wolff,1
oUumSavPhy4x0XrB9yE0bV5X9ybf0ADC3K0y7HaX,Laverne_Kling@hotmail.com,Caden Blanda,0
UZ7ml2VTbBhtYAHm9nbIxqAIiRbCk9psCJaF3czt,Adan.Leuschke13@yahoo.com,Felix McDermott,0
7z2RzuUETuPW2pglfNjV2kjgWhtlgv6Uu8f8MtE8,Arturo.Jacobi44@yahoo.com,D'angelo Jenkins,0
MmMNpqS0ldfuai0qEilkHMuRLGzd7ydA3YHgEH0q,Sonny_Luettgen9@yahoo.com,Yvonne Zboncak MD,1
BrqgW5ioho26LF7pQSsZJ9phS1WWUeNbEPiqVSdJ,Lucious30@yahoo.com,Samanta Ebert,0
7NSdX1tHI79LT3SzFN91LRXkHAw2OSy1OZACiT0y,Adrianna_Hansen12@gmail.com,Waylon Parisian DDS,0
39Ana2Gzp9WhZId2Jygi5GbigwHnGr8oSiXcARA3,Pietro89@hotmail.com,Arvel Ankunding,0
5TwHdQ46x1Ug4UtutjtBLXmvrT0208RCc9MwXIzm,Mac18@gmail.com,Brionna Durgan,0
0OEFQ9uEpCLKDp8CZftvpYpdnOGZKXqJvcpwCxIY,Jimmie80@hotmail.com,Carmine Stiedemann,0
vmjpY87gl2Bh7Vw144DfdbB83yDv6qS7pTSDq8P4,Rafael_Mosciski12@hotmail.com,Berenice Haley PhD,1
C9rIeaZkj1VFg8P4iTUVOz3qvNGxeKDVJ8A7VawD,Elise_Barton30@gmail.com,Mrs. Karianne Kessler,1
huvwlXD3T93pFSVEVKUcB2AwjvxK62icpuzwO9Lo,Lauren_Roob92@yahoo.com,Khalil Auer PhD,1
WjRdJktVRjzBTmDzlyW5DJOdcnerxrMSQOnT7SUz,Joanny27@hotmail.com,Sienna Hermann,1
w8dK4tlFKOWB5eMk9OoLLT9pfgENoAWW3rCRoU22,Gina96@hotmail.com,Mckayla Kling,1
jxkk4U5V5DkiWT2NeByjqNEGYdi0ZT9isaTzOcM3,Clinton.Funk60@hotmail.com,Dee Brakus I,1
UDurYr1xp1oxV8p56jw22BbNlksdGiSWCKJgZ1VQ,Orpha58@gmail.com,Garrison Hessel,1
pojiG6L3WIh1RJyvJAyXpPFAozM5d1j17BLGeam8,Reta77@gmail.com,Lauretta Quigley,1
OFR2DLpQOFTqYMP8O9qOCfPqP3vEhay1aLzSPoSm,Osvaldo22@yahoo.com,Judge Crist,0
E2BSw1VoTO1n0wi7IWceIQWJwBwqv68oYGqn01ei,Lucio_Buckridge@gmail.com,Miss Skye Ernser,0
lhnOA4H6hwQ8faUhmtvGc1IerCTOv0aBjdm9mlsl,Hettie_Schmidt71@hotmail.com,Juanita Zieme PhD,0
mpsYSN6i2NNSa49QZn2pxS5ogDs5Hr70AMLlu9Jn,Dante.Wehner@gmail.com,Chet Macejkovic,0
dV4Y2jsRLjfzHf9qKeS0OmkL2WHAnmoqTw3ztpQz,Megane.Koepp82@yahoo.com,Ms. Claud Pollich,1
h8EsJM37lTW59Wj0VnVlSnuH4w7RRDVmbGET86QI,Chelsea.McGlynn@gmail.com,Ulices Spencer MD,0
67RmMJLKehrNuEq3z2VePydYJ0tfm6AkxenYtgnO,Maddison_Lockman@yahoo.com,Ms. Jeffry Bernier,1
rt8LYy3WIgdmI1GdoeURQeHAK817jMf9v2ihh8vY,Crawford.Goodwin@hotmail.com,Marisol Hahn Sr.,0
WthHHS796M1nPzzEkkABllnKH93kgblTpJaAf0Kg,Camille87@yahoo.com,Ms. Luna Prosacco,1
fPVXFcNIBrz7ENf9eKlp39bJRuxzJAzyAeLluhFn,Fernando48@gmail.com,Dr. Hilton Boehm,0
KPAHqhFLuuekwzH6Rnz1nSDonWx6hFK0dH3TAvLJ,Davon.Wisozk6@yahoo.com,Karli Murray MD,1
TFwnrn9rPBizk7VR69QWNUnVO6TZMQF9QZ1lhOpU,Garett.Pfeffer61@yahoo.com,Mr. Joey Bins,0
GMgHDsvtS3WxFjwVBagRQJVfN3UWIjbsRAkOhUsI,Maximillian40@hotmail.com,Naomi Dietrich,0
K1QnkhwKgemAEO4oc8etCtsHN0NGgVEzTE8BtquB,Lennie.Gottlieb84@yahoo.com,Walter Wolff,0
vxmGNI28XOI5ZCjd3B15sLeLgoJtxXX6rU0rXDMR,Savion_Swift1@gmail.com,Jena Bradtke,0
wvvAu1iDtt9ksCYvqkSFMyKhhfN5Blb4Mto9Nswh,Alexys.Harris@yahoo.com,Stefan Bogisich,0
dEv5eXHu3InGv9ulEXVGzdHoor0yTQwMh9gBr5fG,Adelbert.Langosh28@gmail.com,Shea Jast,0
aR2XdWDzXDhsli3fRd7kgjXwCZ6EkGVhD1AMg9sy,Garrison55@gmail.com,Dusty Bins,1
t3uCz0oFDV1bV1ITP9Uxxrh5DE3pLoyUbnBlrhfc,Gayle_McLaughlin3@gmail.com,Herman Ebert,1
g6rjY0VhBGHr7WhJs2onGOdv7KrEKy2RAkcB40qO,Oceane_Borer@yahoo.com,Dylan O'Connell,0
ZMrFISnm7H3WciYQAczy748ZBzIT0KG3PGGU2qqQ,Ward0@hotmail.com,Delilah Grimes,0
KEk3eLIN70QFP4SDcINHvE5b2bHRU5XHYeOYktif,Percy.Baumbach14@gmail.com,Brandon Krajcik,0
9KI04EKU6uTc75gjXcKugW1JoGMs5xoSHf0YVBH5,Gerald.Abshire@hotmail.com,Mr. Rudy Crist,1
cOgehyCmuUqRGUZxbrlkYoU0dqMGlZCtsr1EaQmk,Hortense.Wintheiser42@hotmail.com,Wilmer Roberts,1
TgqEOk4g0UJTgZdKS9QXuN8OLAFPci6b4D1y6iYY,Mozelle_Conn@hotmail.com,Tyrel Altenwerth,1
C67ESLzMpDOVDcxjt0Chy3rvCNnkdAMOFzh6AX32,Providenci.Blick14@hotmail.com,Delilah Kuvalis,0
jn3V4ilRMRDvx7citYKUECIQimfXwg1jpSdXsnwd,Kaleb_Baumbach@hotmail.com,Dr. Adela Paucek,1
Zh6Dy0cQGBmsUkCorBaEuAHPoiW9LvYdCPDEMXcs,Stuart_Moore@gmail.com,Destin Stiedemann,0
toNc5Jl8i6f6PfRNrdYNIQQBdxdd58biBIriUgNG,Twila79@yahoo.com,Misael Collier,1
GXpud2PMXfMgQyGmDfIu32Xv94ad5PytX4gh7abz,Alejandrin_Luettgen@hotmail.com,Miss Ismael Senger,1
bKuEQGzTOBoEXWUmI4Ek8Qw2CQlq7EFziZpYrmIe,Micah50@yahoo.com,Loyal Feest,0
1ihv6PQ6EbKalCLXICwE6JZ2ihiZ56kumxWwugOi,Dayne_Blick99@gmail.com,Alia Hirthe,1
2A15mjsAI97NNyp3qfIRFc87UuJDUM2QhyVz7PW7,Peter29@hotmail.com,Adrianna Ledner,1
3OdsuyJ0U3pp7oG1qttFGpUAirKLA2pPSQvhzJUj,Justine.Ledner76@gmail.com,Miss Dejuan Hegmann,0
rbfBFIiobWhUMqF4UAnWN2cZsNn08OibReWeku2M,Bridgette.Herman@yahoo.com,Kale Klein,0
EKzCJFhohrFpwea1EVdFs66hU6uOK9Z3Qi06MCnF,Sam.Donnelly66@gmail.com,Ethel Satterfield,0
m2ppl1hvPrQltELw9OlPVYfxnNOkXZMfjryQ8zEq,Marina16@yahoo.com,Pietro Skiles MD,1
qHEG6a0BI9B96mA8bSEeWmf0PKS83cHc3E2Qts4A,Sylvia_Feest@gmail.com,Tomasa Nienow,0
397CLk1E40pSCQMw39v715o9J4IjWuR6I9zU8Nlz,Brianne.Ritchie43@gmail.com,Mrs. Lauryn Heidenreich,1
U7XN0bNUT9vXIs1YSqVu218pdLXpVByL08ZwXnmC,Joan55@hotmail.com,Micah Pollich,1
cMej8JQoFAiaZYDRked2y1Uce7Wlhudx0uK1WWzx,Twila.Vandervort@yahoo.com,Gregorio Marvin,1
0F7Qf3JYD83Eaf1OMuo58R85bPy7YutHaKUse1vn,Alfreda81@gmail.com,Amya Nitzsche,1
0yGF3QcAsufkmbp6ZebVeze5pL60LTOGK9fMYTQt,Earline21@gmail.com,Okey Conroy,1
asYcp8XPdwALuYzjaVZk7zdx51EnTu9yDE4ghOWj,Ford_Larkin@gmail.com,Dr. Frances Kerluke,0
FeS5atPcXndIxDkhDvxpodAt3VTeJRslcGI4DhGf,Freeman.Schultz30@gmail.com,Maryjane Beier,0
LKoSethtqGgBikpUlsdX5TKXa8kzEDirYDzSjLeB,Keanu_Jenkins19@hotmail.com,Ottilie Shields,0
TvbUUMdUNLnokNXbQrPTs5CQxxoN9eel3hZO8Rxq,Jules.Ondricka41@yahoo.com,Marjory Hyatt,1
KzBTdCIB1khXUuey274KuNgmUiKeLQMdXyUwR5Cj,Raquel_Yost@gmail.com,Ettie Brakus,0
g41Zs0s4Rg03iCymJe7vKhQVv2Em2tYreXFqQBgr,Kaycee11@hotmail.com,Leone Dibbert V,0
UDu3vqUShBOiPBscxgTvfnD3e3ZkKNsREoCUXdzk,Vern71@yahoo.com,Mr. Leanne Von,1
mPqET0WvXB1iRoK0EQ9vDJcwLdoRffmxWrlYu84m,Chad.Hudson54@yahoo.com,Agustin Borer,1
ssu7hLHD84bVAkbjJ1DUyVIJlBcVv92VWBTgoqT8,Hortense.McClure63@hotmail.com,Amparo Shanahan,1
J7OxAPJwLBA5s710O8Jn4AJWPD6dLcljxfWm8n8E,Luigi.Rice@hotmail.com,Emerald Kilback,1
O4BrJY476wCMp3FSocFPftY6iEb1faIztnP2iZeS,Meggie46@yahoo.com,Shyann Wilderman,1
eHlKTnapramaaVwzxEKyZh4LQobzMwttSb7yDdNL,Clementine_Hickle41@yahoo.com,Jermain Kshlerin,0
P8mulkntDKY2LaetT1KFjM6ucE4w4ifuhvdV2d2I,Gilbert24@gmail.com,Hazle Buckridge I,0
LsBsvPx7ErcUvPHhWGMjXZYU7f9SqYyZPXBT5JJm,Camryn.Baumbach@hotmail.com,Brandi Lindgren Jr.,1
XcSOAjUuX8SRBlh2XZZQZCBZcAHpAveyzsbnJ69P,Larissa.Metz@hotmail.com,Mrs. Samson Becker,1
z1B3Q6FPvd1Lu01tt2fIh15eSse2XhklB4YPA7uU,Mekhi_Hartmann98@gmail.com,Sonya Gutkowski,0
miAU5uP1aaW7qx19Obdc1aEgLsVvSEb2Gwqjp9dP,Moses_Wintheiser36@hotmail.com,Rosalee Crooks,0
AxBL3kooWSQY7pbBXchK4cZ6JAoqwxhxQC2y5FM0,Rhett.Tromp51@yahoo.com,Electa Daugherty,0
v9Iu5EQ8aSKZCIbkTdxwBpsD68ZVYMWgbvQcHTbD,Litzy65@hotmail.com,Ellis Breitenberg,1
XRk1WK9FRZM8Rb0DkFktwRcwmhSROhGO1tHPjh9M,Christiana.Pfannerstill@gmail.com,William Weber,1
uHOQ8A2CGT2GUQf7VN87BMcRWSL6eomeLRs0apGM,Emmanuel31@hotmail.com,Bernice Hilll,0
ywXipEY5ldnnEMWLjbgUSZL22viQYpZdm73CK5hD,Lizeth_Reichel35@yahoo.com,Alphonso O'Connell,1
uf6Om6E19YS1Ek6eHVXpsk0hMUrrT801BE9N0KZS,Carmel43@yahoo.com,Brody Watsica,1
Ye3E8SqLr0Re6VlMgppCUMnjqvMAx2YYOlVTwe29,Ulices.Brakus29@hotmail.com,Josefina Olson,0
WvzDc4Ez0PPD2e9q8qDpCnnkKujJAbx8XQbLVcYo,Rod16@hotmail.com,Hannah Zulauf,0
JmSM9nZzULA46vzqM4uMC8F08wKRi1ETFDs64tfn,Cathryn.Schuster9@gmail.com,Lily Cormier,0
ahsxnW6iXIsTVyTHNWiCLpaaxCRRY5QvLFf6bJ8N,Carleton63@yahoo.com,Gunner DuBuque,1
8h7ZEHwSPTYKilvcgevMj7Vj9xzA0SlkD2PFKVs6,Jada.Kris50@gmail.com,Dorian Hahn,0
B5bih91SFm8Opmfy1LKOXIty3HCpUDTyZDJrd48T,Wyman16@hotmail.com,Mr. Jacquelyn Schuster,1
oJftnYAj4nLJiAVwMgfO6tHoGAYdIabRfKdh8Mlo,Paul.Collins64@gmail.com,Constance Krajcik,0
o7h7chifkXUGcGki6J2OGluQzMrcjKlZS9PyoGPR,Americo54@yahoo.com,Daron Prohaska,1
cnRX91MmrrSTzm8USTJgDln3lgAGeB8IrEBmRhQp,Cecilia24@yahoo.com,Zakary Stracke,1
mPom6JI05DMYOxFVv2D8d0ignR1tqDJuYlXuMnb0,Josefina_Gutmann87@gmail.com,Colt Barrows,0
jCLljkavqTlya2nUGYxJc3uId2JeJEN5Bdw13a2s,Gerardo.Hills59@yahoo.com,Gisselle Walker,0
mZ4ic0Bi6e1aUmE5Nvt9zqTrcPIdxXTIkOztsU5h,Zelda_Larson15@yahoo.com,Esta Wolff,1
Y9fr9ubLRdfoK0nY4qsYuNGN3BgOxDJ7aQCPDWzh,Emmanuelle3@gmail.com,Vincenzo Crona,0
OsE4oQmzZDk4bn7IClg9MviYVXDoZ6CqCk1co4Qa,Jensen_Ferry@hotmail.com,Shemar McLaughlin,1
acRsOwV4RKwbiEVfi21uXMHG32kD1e0plcqU4DhW,Jacky.Spinka@gmail.com,Whitney Luettgen,1
HrxSURWWjGGHqCRHSUF7EdxZ6waPXTE8UCVq4opl,Maymie_Lueilwitz@gmail.com,Julio Ryan,1
1Vh2WbiblEcmL9VXiNPgZMr98Qsk64MfC1L2MCSc,Chaz.Streich44@yahoo.com,Vivienne Borer,1
bDN9iT5eCIUNTLwtPK4gB7BNjDGRvtLJE4xdAvFH,Camren45@gmail.com,Malvina Feest,0
ZVSdN5KCLNEEcuX5W8eUMxYTSdHWcnkYedEAtYKu,Leone_Balistreri@hotmail.com,Dr. Houston Cummings,1
Wr0gLyfH0bSeetGSQ7Lf9IjwhUO555NrCb3DORfS,Lon.Russel84@yahoo.com,Mathilde Hoppe,1
klJvmuHbG1k7zLNHPnO0gXa581ANYsxrqNDuJXzV,Gabriella54@hotmail.com,Zackery Kuhlman,1
C1as7FWIBvTUPo0FHX5THhuGcH5EuQNdEiVqWT8s,Reva52@hotmail.com,Gage Steuber,1
nKhwRdSR1ed8ZIowvhL9WrMorueIWzkfCcaaltdc,Jennifer_Zboncak@yahoo.com,Antonia Jaskolski,0
P4xcdn5BHLLF3WNQ0Mzd6JBCx7poMywB31loCxbH,Terrill62@gmail.com,Ressie Mayer,1
uPpdK81BZpKIAxD7EvB4j26v9npmReJ3d6I8MYin,Destiny.Bednar23@gmail.com,Brandon Koelpin,1
dOrwPrTRjM284mTLjRH1IbNbFBC2JmJRKrtRRnB7,Ivah31@yahoo.com,Lourdes Fadel,1
Rc9U9GZHXkaelSC2QEB4XSpyPkbLJ356DmNBOdh9,Danial.Hammes@gmail.com,Joanie Gaylord,1
6o450x2CzNmUaBFTLCzpqNrysEQJEG4fEimMdyBI,Travis.Gleason@gmail.com,Megane Frami,1
WdHLcKWPfWz94KcVawnDCxNcB4voIlosXolcRh1L,Delta.Waelchi@gmail.com,Miss Ludwig Mertz,1
eFfL5VPg5HYB7NVO8d61pwWKTcuYdu3j7awsZn92,Camden_Haley63@gmail.com,Miguel Howell,0
YjXxu0oBxJtnGY2SmCJVTPTCf7huQRoivzBf3gXx,Jasen8@hotmail.com,Oma Bergstrom,0
aS5GjlZ84H3ezbKbXWlvdRCAMlaBOq2KvJzpogyh,Green.Nienow73@yahoo.com,Salvatore Quitzon,1
ojel33yTh5r8YXW4a60KMWMnRcnJXOQGcqStrURQ,Jett3@yahoo.com,Dr. Evie Murray,0
Lo4fa7qyAcigs1oRxrd0mifpmScdtOXq8je5wTdh,Luisa_Kuhic@hotmail.com,Jessy Hartmann,0
ILoztrL7bqLiFAw8zR4DCI92ngEGGxjoKzKlmX2D,Chelsie.Kilback56@hotmail.com,Karley Pouros,0
uAAa2b0mwOE1o1OlxeN96AES362UJ6QQlrWEH9ma,Marcus_Robel@yahoo.com,Rebekah Walker,0
bWx0438zf1bM7CaN0yLJUjA9RrQwe0QIXepYdiv2,Retha.Cartwright95@yahoo.com,Timmothy King,1
pixhwKISKPMhLzeT15fxW4wMBJbBiSQKq7QSUsYp,Yvette_Cormier23@gmail.com,Jayda Rosenbaum,0
5FYW59hqdhSFoAXNXxD4AHEsGsGMp0FbOHHOxTq6,Elisha.Volkman30@yahoo.com,Vernon Dach,1
AhTNYKSfju9wk5cHOaAVLBbnN0sTZfhxT0KnngUU,Mariano81@yahoo.com,Kiley Glover,0
BpVCGsUPaJ8CNARyGqLyJtVjiK1lTHwQg3cXiSmh,Johann.MacGyver@yahoo.com,Ewald Zemlak,0
kMtObC9r3jO1o8QKZRzC1VuntOl5UExAmnb8N66E,Eldridge97@gmail.com,Ms. Rupert Weissnat,0
LDzylwV9nJv8lWq5CwImBfHOieA5sXBHdGYsvcYO,Javonte.Lakin81@gmail.com,Elian Ernser,0
4TAZYk9BCcCY82yX9JPO6HO2uYmzjJQ97ZWMjTR4,Luciano.Schinner16@yahoo.com,Nova Mosciski,0
4Ky4PnnnkTajNk6xbDH206E20Hwz1EPlEv5PmJCe,Roselyn20@gmail.com,Connie Schroeder,1
Q6pfkY2O6jsX5QxJsdGeEwzCAvdx33mIkSnP40HE,Victor_Rice@hotmail.com,Zechariah Kunde II,0
PEJ91vJZRWe9pPJn4HaIVY2CvW9Ss7OA6YmZ6llJ,Gerald_Skiles@gmail.com,Lexus O'Connell PhD,0
JIpZzkg9eSxFg91AIRmEYGEOxBqcHHXizXcADpOd,Addie.Boyle@yahoo.com,Alyson Gibson,1
VUH6QkDcXOomRrhZ6yR94Ymw3Bh7WcDpCElppWxQ,Jonatan_Nitzsche40@hotmail.com,Charity Upton,0
qf8pscROTlVyftQsli3zKjvtCEm3bYwCffJCqW5O,Ara45@gmail.com,Arvid Hahn,1
kQAt5exyH4fCcN6uUCxLhIm3R9XUNi8ZanXAkxcI,Chanel87@yahoo.com,Miss Kellie Legros,0
STAcRKq1bDr6IgXN89fBonNsPlhRtSh9NUkes0z9,Nels6@gmail.com,Jayce Buckridge,1
WAyzvI1KO5uAPnvguWtEncYDCRlWGCy2zdLyMAZq,Aida55@gmail.com,Juston Stehr,1
hQuR5pDyw8Mec33PAnRHxFT7IzszGTk00j3aF6Bs,Nathanael.Homenick@hotmail.com,Elise Klein,0
NrNzaDdvfIIJQl8QGXQucc0QHKeybjwtMB1Qsji2,Nasir.Bode@hotmail.com,Rhea Raynor,0
Y5GAzALDu4X8pkrFZCYplCa5Tscm2UmF0g7GsYnG,Kariane.Glover@gmail.com,Robyn Schroeder,1
fW1JkPMt5MqFfV8xJofNhlDAYRpbZHb7mgSvUmXg,Shany.Bradtke36@hotmail.com,Diamond Reichert,0
t9bdZberDkscrfxULXLwbVUIW7TDKmrFM5yGoYh9,Leone_Bode72@yahoo.com,Gunner Feest MD,1
OopP90HwZf6zW0hJEBgJgxedZnttkGJuEQeKa9oA,Icie.Smith12@hotmail.com,Gilbert Ritchie,0
8JHseU37jHDVucD3ol5yUiwZ1JnaSTWb6TmfuHoG,Mabel_Hahn44@yahoo.com,Tyreek Ryan,0
2Vt7hu054gW6RLbByfTi516io0GqLUbK5uLiKBSj,Joannie.Greenfelder66@gmail.com,Hayley Schuppe,1
eFkryqZbmM0lhbxoageYsmG4nEWWcR0HIhMvqq5W,Nicola.Brown40@gmail.com,Lucius Kuhlman,0
VppSgvnH7mEtPIEC2xRpSwqGc0flue65soGYm98E,Isaias84@yahoo.com,Kianna Watsica,0
XkNR4zojW4KlWnOcb6gpcD2a611VHBj9CprbELkR,Izaiah.Hirthe51@hotmail.com,Lonzo DuBuque,1
TQMpsxvppawfKljXwVXlbfkK6Rg5yRdYCLrNzwrp,Abagail_Bayer@gmail.com,June Smith,0
ByFOY37sfDV5PbplmrMzgnq7FACDO5VpOStlKLaG,Mikayla_Becker@gmail.com,Ewald Trantow Sr.,0
lLBHNQjVofcP6Pv0bo3B2pKz8Aq5S17ldOHi8qnO,Lamont_Labadie@yahoo.com,Lonzo Hartmann,1
mM9ZDbpw5WTkSlx23C43CxnDVgiQ6sCf7svrRZ0h,Peter_Hettinger@hotmail.com,Miller Carter,1
uHb6g0zsMLDq4mrxstPDqWqIcSHGTHBWHdWdLY4q,Jeffery.Muller32@yahoo.com,Glen Hammes,0
ym4jMe7RyHoIpZJ9aXC3iwFbr99PlQVWtgysVxAe,Chase.Marks@hotmail.com,Ana Conroy,0
3t9th1BNcYD6V8A1UJPSPYXiaCE5qJuaJptRoCNr,Noah_McDermott14@hotmail.com,Michaela Feeney,1
sZJTIh63zhy8gPhnIiGNs7yslk1gevS4JpuFU18q,Triston.Brekke@yahoo.com,Pablo Rath,1
pE2ixVLJIBYIymhS51u7h3Hs5m2PjmSh5N12T0Hs,Nadia63@gmail.com,Lincoln Oberbrunner,0
lByp6aIpGx0XQnTEZGO4dOnzuyn2g8Sd7SuneNSn,Trystan.Cremin47@hotmail.com,Filomena Jacobi,1
MJphD84UOLxSCTdnGWcYhICWual9Il72YDbmmpo9,Pearl28@yahoo.com,Doug Abbott,1
vAaJ2Vu2vNtRRU6yeJv8dOClkakKpbpSjbUNsZC4,Eileen90@yahoo.com,Claudine Green,1
M4IFkXvATu2EbuGnrxqeHGmlgXKx3kSFTPqn2Igt,Phyllis_Becker@yahoo.com,Cale Spinka,0
ivKrzuxpSOlnHYy10W1Lm8AKAWWUJgYBvdhLsU9e,Kane_Rippin67@hotmail.com,Nina D'Amore,0
BYrjXOVa42rSAagLaZE4UmzKMczeOE3HElkaaj5F,Evans13@yahoo.com,Felicia Mills,0
ChHK0y0jGfJMEOeJO7bTOyfYPvJbYqyuKCBD9nEL,Sage_Wehner7@yahoo.com,Rico Jenkins,1
XsU13M5sQedJylnzulaUgsQCsQKZxDbkOWPk3lqz,Major_Ward52@hotmail.com,Colleen Mitchell,0
41KuwXfzUtCmRBviZZOExmbTaznUywqmxHA1KbCb,Summer.Botsford@yahoo.com,Araceli Hirthe,0
np9ycAE3wIxIuZU1Qhck12RomLlpHQq5IP5zC5RC,Stacey.Feest74@gmail.com,Tito Hills,0
lEF222j1M8VjIldfFADJJsbjUjDY554sFPJy0oVx,Sonny_Waters@yahoo.com,Era Kovacek II,1
0kk70JL97YWorG3kliDY0egfFv130gyOWsKlkOoF,Chyna.Schamberger@hotmail.com,Ashly Jakubowski,0
cEy4XnJ94LLLUJltBitTPyfjypB48e8OVQ9AHYGY,Leanna13@yahoo.com,Thelma Leuschke,0
kRL2svjFPKPi49jKpxz3uiIpKVCrhYHOnXiI0gHh,Kassandra28@yahoo.com,Raven Swaniawski II,1
2J8JXm3PO62Ni5RjfLFumSA2fBBTDmQdVnCvy4GE,Katelin_Hoeger@gmail.com,Roel Langworth,1
jQ8c7zlZxebKaYPAJbBmO7QirVmo2DNLD2fqlgjh,Jane_Bauch@yahoo.com,Mrs. Nannie Paucek,1
ti4nswyoAnk1qixh98GuzsRuyP1BQGIZlCGaVLA3,Madge_Vandervort@yahoo.com,Lamar Jerde,1
b3ovc2k2bTVs88SpdjV7tJ3Um1xNe8KurN9z6Kad,Halie_Thompson27@yahoo.com,Mable Littel,1
gFuu3Qu4AssWubhi1j9raA3BimPjMg9quBThFOBd,Quinn_Predovic@yahoo.com,Christina Schroeder,0
ViczSi8U34IgwDwi6wKZyPR1msD7wU5DdIp1DV5R,Jazlyn57@hotmail.com,Myah Koch III,1
8g2Y7WJrtwAQP3e6NjRhHrxcM7qQ9POgXGrhmXZW,Gisselle93@yahoo.com,Rhiannon Emmerich,1
sp5FVISWxPRZ4LL3IjcffuA1JauCWlmAhQ0xNzak,Kelsie.Satterfield@hotmail.com,Anissa Mraz,0
BkDA1yEXX8PQ28LeS5SBOyItI8ACj2jIs37Iar3a,Dulce.Bradtke14@hotmail.com,Ardith Stoltenberg,1
UjroFVj7paNF2a2Mo1NKLWnLjKuEO849Y7spEfGP,Otho85@gmail.com,Dario D'Amore,1
jWdjGai23cZ4ecKVFNTC5nqSQDmHjZPzvp85JjDF,Dock.Runolfsson@gmail.com,Alize Goodwin,0
oxlb0805Grr5rJYyRxd0NvXMBYkWqC0Bq6K6zu6i,Estel.Swift74@yahoo.com,Mr. Kip Kassulke,0
Jpi0SRTUihtmCcFwTy6EZicV0GS4wsgwHrzQWybW,Lyric15@gmail.com,Allie Batz,0
DRHJ9uFDQJG2Rwg54n1gEQxADwdjStkoUiHnTome,Lauren.Skiles@gmail.com,Eric Hamill,1
s7W918uqO624jvc1EMAdENnmeoWR8jT7VxxtvVb9,Susana_Krajcik@hotmail.com,Myrna Wunsch,0
SdpnZerSpbEiXA0m2jb6b9DOvwJsdJb8xYzfSe2D,Rupert12@hotmail.com,Giuseppe Sipes,0
2550N8FGN8SewSMb7FCX42Ktey7gQgw4sGB3ZbJ2,Francis.Lowe@hotmail.com,Vince Aufderhar,0
epbl7yfHj7km020pS8Li4kVXJKy5uZLe1a8uqpeW,Bette_Wolf@yahoo.com,Lennie Senger Sr.,0
aJ8VKUSrjxRLOId8wIbjLKbs1U7tMSS6CNXO9EKh,Reece68@hotmail.com,Loyce Smitham V,0
y2mmihFKXfMSTOWTRyfh31WhqddrDPncO4n187x2,Sabryna15@yahoo.com,Greyson Lindgren,1
zYHnnh4upQc1YB7c6DOF6ZotYDB7Xk19oAVvYGzY,Norval40@hotmail.com,Amanda Senger,1
lkKyZpYFhbz4xHDKx8KqtO22op7axSVzR8YPlluE,Maegan50@hotmail.com,Sophie Simonis,0
0YogUNu3c2nWZZoy3FM4vrRCh84LpQncXqQh5zQx,Eldridge7@yahoo.com,Burdette Skiles,0
mhlc7R2c1sVmY1xbtrLTuUAhSfoANWFlE91va82r,Rudy.Olson25@hotmail.com,Giovanny Bosco,1
D8QLu4fSU0GTRINxYTvLoXN2e7R937SGwcTv6r4G,Quinton.Konopelski@gmail.com,Naomie Wunsch,1
qDWHiqvg3ussMQH0yBjyI2AA9XfIM1K2kxMCJ80V,Sheridan53@yahoo.com,Verna Kozey,0
iQk6gJUnornIWeDm494IOovWiTVc6dSDT4J52o5h,Madonna_Anderson63@hotmail.com,Brenden Kertzmann,1
fikbT8gDSEblU7JYlEpEh103VuI14F9RWrkvbbvu,Alexandria.Donnelly@gmail.com,Dr. Bridgette Kunde,1
lTbjY1ZGAx2tMoKiRnRbfPKjBdhnBNBSXsUaREUi,Haskell.Veum@gmail.com,Elfrieda Ratke,1
IssolQSp0ext4OhqHtURZ6WMMXfNw4HnIbxK606A,Darrick.Moore16@yahoo.com,Jerod Prosacco,0
k4ixAsFx8mkKiqP4y7dahnjV7nhYYxUE1QmF4YTP,Mya19@gmail.com,Shanon Stokes,1
wPowKK9C4APm7V4PCcXnJWOunqPgavFUiKqy7kny,Neil.Ledner89@hotmail.com,Felton Bernier,1
b8gnakBhMimfJesFrDDuISX0QYB62Y7wL68Fkk9b,Adela_Abbott95@yahoo.com,Dr. Marjory Zemlak,0
artY0QX8Fh9GfVcCIbVFyLgGRBa6vCSSw4W7ZHKV,Maggie_Connelly35@hotmail.com,Merritt Anderson,1
c3AbBazIl8ZcZ93Wa59V51jmmnXCmjgYhI6NjNn4,Morgan63@hotmail.com,Virgie Stamm,0
83vqAQrBLEuXFW971m0MhkJ6lwElR1Jd9xTh9Hcu,Kathlyn_Crist82@yahoo.com,Barry Cummings,0
wDd8UCnvXmhCLDOciG4e2Q5tNfYH1sSGJ7kJWd5I,Brigitte_Rempel65@hotmail.com,Tess Howell V,0
FhdYXGylMOASmWopTBo62SQzNWglm7wztLuxFu05,Katelin_Hyatt59@hotmail.com,Marion Goyette,1
lcbA9TPxMBWkioxV0l5UOCnhc0NxoGVNbCFMIO9f,Lenore7@hotmail.com,Corine King,1
Hb7AyP1fCIDtcsh3QYucZVz1f20UT1nsYvZP7sLs,Alyson_Padberg3@hotmail.com,Gordon O'Kon,0
RUclOB3H4M9G7s9UB53A2Dn9nadqFHTqj7AWURZJ,Angeline_Stark@yahoo.com,Vernie Mohr,0
0s02cRxeWN9krNQipcpW31BpdQI5oewwuZoQwvAn,Alda18@yahoo.com,Rahul Beer DVM,1
aaTjzYnEIFkKnnu76UFYtVtSG4Zgl1W53W6geTAy,Donna_Runte39@gmail.com,Briana Macejkovic,1
hZrKRm1d2U4idN0HAnMKiMvyi6rejUVxFwzabjb3,Michel_Hodkiewicz42@yahoo.com,Gwen Dickinson,1
CXCmc49aalp7FTIYmK59xYwu9W3MZBAHevNcuvPp,Trenton_Morissette11@gmail.com,Gaetano Cummings,1
fJ5i67haa3eqGqaJwY4ZLag32mhkuYTtF6f95XQZ,Tyreek_Batz@gmail.com,Arnaldo Keebler,1
GYxvwjx9OJFyLdhl9DC1bHhKj0HV9O1qK0qAazX1,Mortimer.Nitzsche@hotmail.com,Ora Schoen DVM,0
jwL1fEarcgUWQ4PTtHUSvpjP46M3V3ts8KfWLLnf,Unique_Schuppe12@hotmail.com,Eliza Weissnat,0
p3WM0hWVkV51PQDGhHjbHbLTPSiWaP3tcoh2pOCX,Braeden.Braun@gmail.com,Ambrose Bartoletti,0
LkFuIyF8eCYf1kpQBykVFB6390Z7Q9cpVzx2I4Df,Sammy_Larkin23@gmail.com,Lucio Keeling,0
INBxp3MnWOZ8eg0xbvtYuRtpwTe6OfxYgbTwdiuL,Isobel_Schiller@yahoo.com,Edyth Kutch,0
G4cUdMFnL2CCBnsZoccDKYENLpGOgegulyxeUGRA,Kiarra.Murray62@yahoo.com,Janice Goodwin Jr.,0
oEKiypNADMnZdiMDpQClXWYyoGOij7Cls7O3tbuV,Ivy_Reynolds81@gmail.com,Tiffany Tillman,0
4J3V8FclYAoafURKMqWymnTfICrDOb32eaQN6PGl,Bennie.Lesch83@gmail.com,Mr. Deangelo Weber,0
CdXeUqf5IQGVMxyJSIdSeErPJidgWvTA2Hgbyhvs,Mariano.Hane@yahoo.com,Kenna Lemke,0
XaBVFI3LGJTw8cGMKgM9OiA1U8igGF2mA9mcvHkL,Randy16@gmail.com,Sylvester Cruickshank,0
kMrZYnSjP259aFc4UAmg8yDtj2SHhioeHwZv3cdh,Sarah42@yahoo.com,Grace Jerde,0
XshaAofiqnL4yrlCWBr4PgnpeHWOtmMJ9vbo2qc5,Alex_Ankunding44@yahoo.com,Dino Jenkins,1
4KPlHrF2yyOXupKiZTuZRJ9SEEtJv8r0rhxrfZIr,Donny.McKenzie10@yahoo.com,Mauricio Okuneva V,1
YcwjKmuT1oovl1QS17Z41cXSstj4FbQhbLPtN5qn,Meggie41@hotmail.com,Thad Herzog,1
ftm8ETZ4HlGwSPVm7ELodcEfCSeskpfrZD9d1Iun,Maxwell.Swaniawski@gmail.com,Reuben Borer,0
EPPi605pAkyJk5u0N8kWbBOzOg2eVmia8mtDuuSe,Ned_Kerluke@gmail.com,Vicente Schulist,0
5DDUoY3GikB5kEOZJqfhQp1P88aOiahhDvikBXbF,Reginald85@yahoo.com,Paxton Hoeger,0
VdDkTs3AYAx8cm4qXmGKNYfUdF2kloq8JYxLP8tF,Leonie77@hotmail.com,Madyson Rau,1
W4ySLfZw4TPgP4YGAXS2NfAwS6Zjs305YpoYOtF9,Jaquelin_Davis@yahoo.com,Wilhelm Satterfield V,0
HgBjTDeQpA2Ss4NhpILWGmUxYeaCuABsRN37gts1,Linnie_Cummerata@hotmail.com,Arnaldo Jones II,0
5zLaIS7Q3ifYsq0eNGmv5kk6CiGa08hLJf0hMY98,Adriel30@yahoo.com,Mr. Sofia Prosacco,1
6Bgv8Yhz7z3QOi53FOUkoXzh6FNYzr4gzvx8RF9O,Ralph46@gmail.com,Nettie Krajcik,1
sierSpohLaMFP9eiObR3HkLnKmomromaemJTUFLh,Keely.Hammes@hotmail.com,Mathias Crona,0
tXx9OynnKWJARjDYPLs56Fe5M6NGDN2HBYHQWfum,Juston_Mann81@yahoo.com,Lera Upton,1
LIKvWglgrCfHopJ9hxvLHeEAxmTR4LnXgu5SmyVT,Haleigh_Leannon80@hotmail.com,Juanita Moen,0
AfVD5jkXWw3XpFgMD3Cx4lyZ1e0jyyHtW5hya9PL,Brenden_Doyle@gmail.com,Dariana Upton,1
leyytAHvvO9etP3A1YpM4ra4v6EreSoIe6SBleez,Karley.Reilly@yahoo.com,Amos Littel,0
of0sSNlBk3uOyNJVeSDl2suUJdkXTsfhQ9HeoWxN,Braulio98@yahoo.com,Ansley West MD,1
pqTr8OlVavXDB8XYqmGHJW4uJKOGzwEkwsWDFUbH,Jasen.Hyatt37@gmail.com,Rickie Reilly,0
vudSC2lOnOYZviHBKsWALmY37y2Oqsdx0R67HMHe,Adolf_Von@hotmail.com,Mrs. Korbin Powlowski,1
fCMl3YQnUM4gDdrW4SCEUTGW9wpu9WQCk1Zt8DKW,Bernie.Fahey9@hotmail.com,Ewald DuBuque,1
BerGYJafeqXhEQARqeB1qxO8ODL19ua1NJBk42rZ,Darius_Deckow86@gmail.com,Mrs. Derick Trantow,0
Igf7t4yKd14oygKhnLmKb68LAzxQridfeoM78KiO,Webster.Lang@yahoo.com,Philip Weimann,1
UlnCTiGAqlZsTi9PuyFtfW2sAwDEibWAA1eKJza3,Wade_Robel2@hotmail.com,Kiara Ritchie,1
PmDbKXdJy3d2FZwfSttKE4TUsCCP8YHGYbW0pbDS,Ruth.Berge@yahoo.com,Jarrett Gibson,1
FYUu3nypRDCJ89J5K42an04j9MVlOTIMUGBrX6ng,Mya_Rice5@yahoo.com,Ignacio Skiles II,1
wZQ8GDwqM6vENJvPOsf9etMRYGS0fG5RT1znW3Zn,Rahsaan89@hotmail.com,Rick Wiza,0
qUJ89S2e9WAvXep2CjdKbOD73rUlzpMAXNv61Gqq,Jaylan_Beatty52@hotmail.com,Dedric Nicolas,0
37GFXL4oJimvEZrhRFqtZSu7s3BX6Qe8Oxqq30J8,Stefanie74@yahoo.com,Mariano Kovacek,1
xmHccKi6fOGbJauvsyTeBea6gAFpaDaBpXQ3LEPP,Lura.Wilderman@gmail.com,Miss Marie Effertz,0
SiFQ3CevpJSS0wvSDbNw1UX1iVAwaAvdpXExhEzV,Mara64@yahoo.com,Adah Gutmann PhD,0
Z1VCMOwcPXG4gKzjDIxU5PUP6b5xUznlbbaTDaXO,Laura50@hotmail.com,Amani Haley,1
A1mk9Cq61UhO2FXmnBQ4o9ZYdwiUe6U7c9GlWPJ9,Shanie_Ziemann@hotmail.com,Vilma Dooley,1
0EWVyFHrxPEuR8fb8JOFQV9QCWrpRWLUc6hwFl0d,Dayton21@yahoo.com,Nickolas Ledner,0
ZKgLvzHhA5q5MJ2HuMUs8ff5OaLk3QgerUefBKjo,Willis.Boehm@yahoo.com,Buford Champlin,1
ubrzDQn1n5Z8Wt2SSyDJMJJnHGaFeqTZo4FHhRqZ,Tito.OConner@yahoo.com,Berenice Schmeler,1
CXd5AQvAr1FGqxYjyonOVO2Fuz1ZJgV0Y5VPu1Km,Susanna44@hotmail.com,Chloe Kuhlman,0
qUo6637y01Siija4fU6eECzbDJklarkcSeA0IX1D,Shanel1@gmail.com,Joey Gleichner,1
HdCAdhXp2aasCN25A7DXnnDxiXZ1WO2jjsRI1YsQ,Marcelina65@gmail.com,Dr. Karina Prosacco,1
IB0d4AAHIxvOEFisKhWgIWXZagxR7dKcOy343dET,Kian28@yahoo.com,Tatum Batz V,1
OhuuJWrBtiQOzhNuEd838e5Wy1PgytBf9eWCvTMT,Deion.Lynch@yahoo.com,Cristobal Pfannerstill II,0
rmodofHSW2gooiMTw2hsDQD6AGNj0ncasv93Az2J,Frederique4@yahoo.com,Milton Crona,0
OfkmIrYMiH9OzplvBuQQIyDyxQ28LJLuAgkRJW7b,Wilburn.Bayer73@hotmail.com,Jaime Kautzer,0
FtuCQC0sgltrGMexA1vQvmnAZtrbiPidxfCGcuPm,Ike.OConnell@gmail.com,Miss Montana Ward,1
uczyJ6UNP97LHFvqkK2uNLcPupCKnBypeleqAZyb,Flavio_Bogisich@gmail.com,Carter Wintheiser,1
EoNY937XOdM5O0wkGgOZYAXTCQMiZVhjDfEJFmY5,Lucy.Jacobson@yahoo.com,Dell Rempel,0
QkHQV7dI2SKGihyeWYknKn33CPrzro27tYnzOQHQ,Macie19@hotmail.com,Lisandro Goodwin,1
qnnk7FXHZhu45emf4I9OoW2ktXMF9BqFWPbxaFRD,Lelia_White@yahoo.com,Dr. Oscar Kshlerin,1
faPqp3B7fx9y9VAHqWKwFze0dTRhck6wVPcqFITj,Adalberto_Feeney59@yahoo.com,Nikki Jenkins,1
6DA95dgG4eILWSw9kQwd9C3aRVymhHY0yyjztolE,Lenore8@gmail.com,Sierra Zboncak I,1
oWBZcdWEQ1opOVvHPeVafzl2h4ahMd6docCH0FYU,Cesar58@hotmail.com,Bartholome Ratke,1
8V3vEizcSzFQ3mkCm9wPDGRQbLTNTiP8iJGZUP3b,Danielle65@hotmail.com,Mr. Raymond Orn,0
LZQeqO69MqUwwKKtKj1AluK7bk94ZzTBKpEYRUZI,Dawson_Schuppe63@hotmail.com,Cristina Quigley,1
gdJlPKDVvqaUlQZEKXYqt93onSfOJXDUknf5a4xD,Madison.Hand@hotmail.com,Virgie Hudson,0
Tex3Xj4ByD34tRHtvgOANNPkcbqBAxX8Ib3dTRCr,Adelbert.Block@yahoo.com,Vernon Bogisich,1
yJUmTJdBLQelsS00CYQeGrJK4KPgQGhB07ZzRJHG,Gregorio93@yahoo.com,Alexander Wilkinson,1
oK68sJFr7W6sezGyatove7GghQ07rx8WrRickq9v,Esta54@yahoo.com,Caleb Klein,0
2IvgB9FHxHTy1AtF18Ln1HD8DjsSd59Sosesfizq,Jazmyne39@hotmail.com,Ezequiel McKenzie,0
nBHlkDL82FLE315Ay0WV8gaq7XJDxzfGS45XGxbl,Sigurd_Dibbert@gmail.com,Israel Farrell,0
lspoIhFTu98NuoQa62UVWSp87bDJWBMbeJ0Ye0xd,Eugenia30@gmail.com,Theresa Runolfsdottir,0
S0avl1U3SO9fr1N978MqWckaggtQoY1JUUFNr6g8,Juliet.Ernser87@yahoo.com,Mrs. Elmer Schaefer,1
E8Oq7Mrdh89UJSCuTE8efTlgGA0U4lY62FX8sgnW,Madie4@gmail.com,Dane Douglas,0
IUZ8fW4jXLAKVcVlJwnbmqXdeFkg2dmfY68kHi8d,Assunta.Jerde@gmail.com,Camren Friesen,1
NGZkIyVeyP2D7NGmJSXHdz4LQnRLfAzOvIdYaeoh,Gaston_Casper@gmail.com,Dr. Mariah Pagac,1
rF29ewmk8AYmUTLrZP3dSYYz4MzHtPFx78zP8Ur8,Alisha34@hotmail.com,Ophelia Graham,0
CpMycvSzuU6YqNSoihzufW7ZTfUni5MewT1QAekx,Bethel_Stamm@gmail.com,Candelario Boyle,0
lq4sFsBHUh53WIyYG3sv0gh9vYHkmhdK8eNumQOb,Weldon.Shields78@gmail.com,Lauriane Koch,0
AHd4U8LnbQIo6PKM8ngxuC4A0lBfTAtwTf7GSYA2,Octavia.Bartoletti@yahoo.com,Xzavier White,1
ylxZ93ahZhRYywltHZUn08CnrIT3Da21k6tls3dL,Johathan_Zemlak32@yahoo.com,Marcelle Zulauf,0
HX7wP0vpNkWXw64Amc3OSD9YeI1eyb06Dj1VV2TA,Hassan24@yahoo.com,Gertrude Bradtke,1
IHcTMPTVhjmBbL6ynq03o2ylpp7Pxwbe4yuYTTmd,Rosemary.Toy58@yahoo.com,Herminia Reilly,1
EInDU3ce5nKZSxj9ZAAmlAt38PNKS1Yj9wi2JhF7,Estrella_Feeney75@hotmail.com,Miss Lulu Murazik,0
xaxNZYaqed3oH81PMwBUTiXpSdhnGY5DneTt5liu,Lionel33@hotmail.com,Kyler Pouros,0
uxZG6tqs14MGj8JhEb9g4OMloWIV8GWdj4KuREVx,Claud81@gmail.com,Laurie Osinski,0
AZ3iWtWkIh11MeWNBx4iAqJre0tOaxtrvGI3c6Mb,Durward.Buckridge27@hotmail.com,Virginia Pacocha,0
8AT6VbiS6kIycc4W1atCWdHGdbpuTsG4Rz7iMLY5,Art.Rice@gmail.com,Verna Schaefer,1
Pvt0IVyP4iIRm7d2ErM5taoyTZz6Qx3NqqrESWIk,Mitchell_Bayer85@gmail.com,Ashley Thiel,0
RW38NjGT4N8mwl7LniyhtiGFfe9Brr49sZlMfjjG,Favian49@gmail.com,Leone Stark,0
zNmEzubLeYqdFeLT6o3idwGQ6CKPJYtqwjtaAClv,Reese.OReilly@gmail.com,Adrien Waters,1
QMzaTCKfmHY1wh7I64rQZe42NiASSQiuM7zrL7zb,Alford_Runte36@yahoo.com,Johnpaul Kutch,0
eSJ6BNLETCQj8EMc0kq63xAzU3LCaumYPUpqZy22,Jude13@yahoo.com,Jamaal Littel,0
1vWOkqP9QZYjjjNvhrQ7J0khL0WQtkSa5d5IQkaM,Hermina_Mohr96@yahoo.com,London Schinner,1
wLGsPX0flWqQKbLFDCMG1MfXzAcjw07tPEyeX4ui,Morton_Tremblay@yahoo.com,Brent Kautzer,1
lGvnoQb8OTiHephcnlC3P4yg9IXDKOjMgCutW0DL,Kari.Mertz35@yahoo.com,Neil Stokes,1
YS05mGWHwmEhpfYVpIhCbSm8EVR4DHZwFStLduXZ,Nels98@gmail.com,Letitia Marvin,1
z2czVnPt7zjNmXV0VPz4bTBxGJQrTMXrhoS9426F,Maximillia_Mills@gmail.com,Emile Smitham Sr.,1
RvO0YG60xH60l1ZuRxKEf8YTDYrC4u50txvXOuAv,Scottie7@hotmail.com,Dr. Samanta Sawayn,1
KLaTmIxLX43vXenwQAQM6rUk1Nkb5GmBXxuA0cKy,Marisol_Lindgren@yahoo.com,Malachi Hand V,1
fu3HCQzAvNBL0VfY3tin1UNM0YTxIXtXChJdmbxi,Clemmie_West@yahoo.com,Junior Carroll,0
fKxdAYSDxJiexjX7eGY0Gg6AD6DXETPVJjJZ8YaO,Hayden.Hintz59@hotmail.com,Emie Harber,1
sP9O9gqWgoE0YjOOr20HfzLjnxCXzCAdxmjhkYFh,Lafayette.Wintheiser8@gmail.com,Ila Brakus Jr.,0
7y64pd9V39DXSczPvQCrec5RuaQvUoLQsIy5BlDq,Donato_Kihn32@hotmail.com,Lourdes Swaniawski,0
4WyN2hHLlAPtqVJP9giWJlBosiXfGNe0CrT9e3zO,Issac_Tromp21@hotmail.com,Oran Hoeger IV,1
5wK3W5wgjSFfh1wO9GKfZIs8h9Repux9lSUFcUkD,Michale_Gulgowski7@hotmail.com,Vickie Ullrich,1
2wvVFE5hKOwrPPK9DX3t8n34S2rq6cD9EYqxqvmW,Phoebe93@yahoo.com,Coy Ruecker MD,0
7JIHwRMRP6gIINpUZDHhRBk0OvocTAt7IzCOsRAp,Lyda_Rau@hotmail.com,Fred Kiehn,1
ExrePY6tnlXANvpPPlqJLPbO0PlApg5f7daB2EjE,Christopher65@gmail.com,Johnathan Braun,0
uBqFpTjXSPMvDcDnmr1QHW8z3ZNvxAN1rPGXxnCy,Cara.Gislason5@gmail.com,Jakob Bauch,0
5jJmlZDeRvtK6k1IILxzMgv2ydyXDpIjasCuzuIo,Alexandria.Huels34@hotmail.com,Filomena Feil,0
5P58o4cRlZxixverI1GKvPxwu3uLMLnTuZvDLWPM,Margarita41@yahoo.com,Shawna O'Reilly PhD,0
dWsy5gj8cw1cfs0zCHZlIbWheUj3S9KeSU1qo8kF,Alexandria.Johnston@yahoo.com,Elmo Renner,0
EqD3ZYPYO4b0WIN0JMXUsHoYHxkBajjcBXhI42lW,Kaleb_Gleichner59@yahoo.com,Kristy Bergnaum,1
guap9ZYKYiKN9onzysPSVbO9qGOWdSOBh3CCVVDo,Lily.Hessel@hotmail.com,Lucie Von,1
SmS6PDMugmTZwBgCG0O29QYq7pQTQsvYuzn0bc8u,Katlynn.Hoppe90@yahoo.com,Buddy Connelly,1
hKNpbMl63Y3JqQT9kNwyZBJSYDNxUP1OL1nH7J5M,Archibald.Murray@gmail.com,Evert Jacobi DDS,0
GVrDBPMAIMsIjobidwtCYGl9C4t455b514rAGzHN,Ludie.Littel@gmail.com,Emilia Luettgen V,1
5DfuLDjcS6uSdOKjEsjVOROeEWop0yZG3sZVnZgC,Elbert.Schmidt73@yahoo.com,Mustafa Hand,1
5xba7QsY83FGa7aok75d7aDAj2YGeaxvgIjG8lyT,Aliza41@hotmail.com,Domenick Franecki,1
NxiFZJ7dZYQH2gZAL7fdslPub1g1YhI2Lyj9TpHy,Kris.Kessler49@hotmail.com,Adrianna Crona Jr.,1
lw0ecgODyeicnKVRur0aAKPm4kkIfcxP1nrYSbj6,Gracie_Block8@gmail.com,Karli Lesch Jr.,1